checking_sttus,durtion_new,credit_history,purpose,credit_mount,credit_mount_new,svings_sttus,employment,instllment_commitment,personl_sttus,other_prties,residence_since,property_mgnitude,ge,other_pyment_plns,housing,existing_credits,job,own_telephone,foreign_worker,clss
11,6,34,43,1169,1,65,75,4,93,101,4,121,67,143,152,2,173,192,201,1
12,48,32,43,5951,2,61,73,2,92,101,2,121,22,143,152,1,173,191,201,2
14,12,34,43,2096,1,61,74,2,93,101,3,121,49,143,152,1,172,191,201,1
11,42,32,43,7882,3,61,74,2,93,103,4,122,45,143,153,1,173,191,201,1
11,24,33,40,4870,2,61,73,3,93,101,4,124,53,143,153,2,173,191,201,2
14,20.863454,32,43,9055,3,65,73,2,93,101,4,124,35,143,153,1,172,192,201,1
14,24,32,42,2835,1,63,75,3,93,101,4,122,53,143,152,1,173,191,201,1
12,36,32,41,6948,3,61,73,2,93,101,2,123,35,143,151,1,174,192,201,1
14,12,32,43,3059,1,64,74,2,91,101,4,121,61,143,152,1,172,191,201,1
12,30,34,43,5234,2,61,71,4,94,101,2,123,28,143,152,2,174,191,201,2
12,12,32,40,1295,1,61,72,3,92,101,1,123,25,143,151,1,173,191,201,2
11,20.863454,32,49,4308,2,61,72,3,92,101,4,122,24,143,151,1,173,191,201,2
12,12,32,43,1567,1,61,73,1,92,101,1,123,22,143,152,1,173,192,201,1
11,24,34,40,1199,1,61,75,4,93,101,4,123,60,143,152,2,172,191,201,2
11,20.863454,32,40,1403,1,61,73,2,92,101,4,123,28,143,151,1,173,191,201,1
11,24,32,43,1282,1,62,73,4,92,101,2,123,32,143,152,1,172,191,201,2
14,20.863454,34,43,2424,1,65,75,4,93,101,4,122,53,143,152,2,173,191,201,1
11,30,30,49,8072,3,65,72,2,93,101,3,123,25,141,152,3,173,191,201,1
12,24,32,41,12579,4,61,75,4,92,101,2,124,44,143,153,1,174,192,201,2
14,24,32,43,3430,1,63,75,3,93,101,2,123,31,143,152,1,173,192,201,1
14,9,34,40,2134,1,61,73,4,93,101,4,123,48,143,152,3,173,192,201,1
11,6,32,43,2647,1,63,73,2,93,101,3,121,44,143,151,1,173,191,201,1
11,10,34,40,2241,1,61,72,1,93,101,3,121,48,143,151,2,172,191,202,1
12,12,34,41,1804,1,62,72,3,93,101,4,122,44,143,152,1,173,191,201,1
14,10,34,42,2069,1,65,73,2,94,101,1,123,26,143,152,2,173,191,202,1
11,6,32,42,1374,1,61,73,1,93,101,2,121,36,141,152,1,172,192,201,1
14,6,30,43,426,1,61,75,4,94,101,4,123,39,143,152,1,172,191,201,1
13,12,31,43,409,1,64,73,3,92,101,3,121,42,143,151,2,173,191,201,1
12,7,32,43,2415,1,61,73,3,93,103,2,121,34,143,152,1,173,191,201,1
11,56.9,33,49,6836,3,61,75,3,93,101,4,124,63,143,152,2,173,192,201,2
12,18,32,49,1913,1,64,72,3,94,101,3,121,36,141,152,1,173,192,201,1
11,24,32,42,4020,2,61,73,2,93,101,2,123,27,142,152,1,173,191,201,1
12,18,32,40,5866,2,62,73,2,93,101,2,123,30,143,152,2,173,192,201,1
14,12,34,49,1264,1,65,75,4,93,101,4,124,57,143,151,1,172,191,201,1
13,12,32,42,1474,1,61,72,4,92,101,1,122,33,141,152,1,174,192,201,1
12,45,34,43,4746,2,61,72,4,93,101,2,122,25,143,152,2,172,191,201,2
14,48,34,46,6110,2,61,73,1,93,101,3,124,31,141,153,1,173,192,201,1
13,18,32,43,2100,1,61,73,4,93,102,2,121,37,142,152,1,173,191,201,2
13,10,32,44,1225,1,61,73,2,93,101,2,123,37,143,152,1,173,192,201,1
12,9,32,43,458,1,61,73,4,93,101,3,121,24,143,152,1,173,191,201,1
14,30,32,43,2333,1,63,75,4,93,101,2,123,30,141,152,1,174,191,201,1
12,12,32,43,1158,1,63,73,3,91,101,1,123,26,143,152,1,173,192,201,1
12,18,33,45,6204,2,61,73,2,93,101,4,121,44,143,152,1,172,192,201,1
11,30,34,41,6187,2,62,74,1,94,101,4,123,24,143,151,2,173,191,201,1
11,48,34,41,6143,2,61,75,4,92,101,4,124,58,142,153,2,172,191,201,2
14,11,34,40,1393,1,61,72,4,92,101,4,123,35,143,152,2,174,191,201,1
14,36,32,43,2299,1,63,75,4,93,101,4,123,39,143,152,1,173,191,201,1
11,6,32,41,1352,1,63,71,1,92,101,2,122,23,143,151,1,171,192,201,1
14,11,34,40,7228,3,61,73,1,93,101,4,122,39,143,152,2,172,191,201,1
14,12,32,43,2073,1,62,73,4,92,102,2,121,28,143,152,1,173,191,201,1
12,24,33,42,2333,1,65,72,4,93,101,2,122,29,141,152,1,172,191,201,1
12,27,33,41,5965,2,61,75,1,93,101,2,123,30,143,152,2,174,192,201,1
14,12,32,43,1262,1,61,73,3,93,101,2,123,25,143,152,1,173,191,201,1
14,18,32,41,3378,1,65,73,2,93,101,1,122,31,143,152,1,173,192,201,1
12,36,33,40,2225,1,61,75,4,93,101,4,124,57,141,153,2,173,192,201,2
14,6,31,40,783,1,65,73,1,93,103,2,121,26,142,152,1,172,191,201,1
12,12,32,43,6468,2,65,71,2,93,101,1,124,52,143,152,1,174,192,201,2
14,36,34,43,9566,3,61,73,2,92,101,2,123,31,142,152,2,173,191,201,1
13,18,32,40,1961,1,61,75,3,92,101,2,123,23,143,152,1,174,191,201,1
11,36,34,42,6229,2,61,72,4,92,102,4,124,23,143,151,2,172,192,201,2
12,9,32,49,1391,1,61,73,2,94,101,1,121,27,141,152,1,173,192,201,1
12,15,34,43,1537,1,65,75,4,93,103,4,121,50,143,152,2,173,192,201,1
12,36,30,49,1953,1,61,75,4,93,101,4,124,61,143,153,1,174,192,201,2
12,48,30,49,14421,4,61,73,2,93,101,2,123,25,143,152,1,173,192,201,2
14,24,32,43,3181,1,61,72,4,92,101,4,122,26,143,152,1,173,192,201,1
14,27,32,45,5190,2,65,75,4,93,101,4,122,48,143,152,4,173,192,201,1
14,12,32,43,2171,1,61,72,2,92,101,2,123,29,141,152,1,173,191,201,1
12,12,32,40,1007,1,64,73,4,94,101,1,121,22,143,152,1,173,191,201,1
14,36,32,46,1819,1,61,73,4,93,101,4,124,37,142,153,1,173,192,201,2
14,36,32,43,2394,1,65,73,4,92,101,4,123,25,143,152,1,173,191,201,1
14,36,32,41,8133,3,61,73,1,92,101,2,122,30,141,152,1,173,191,201,1
14,7,34,43,730,1,65,75,4,93,101,2,122,46,143,151,2,172,192,201,1
11,8,34,410,1164,1,61,75,3,93,101,4,124,51,141,153,2,174,192,201,1
12,42,34,49,5954,2,61,74,2,92,101,1,121,41,141,152,2,172,191,201,1
11,36,32,46,1977,1,65,75,4,93,101,4,124,40,143,152,1,174,192,201,2
11,12,34,41,1526,1,61,75,4,93,101,4,124,66,143,153,2,174,191,201,1
11,42,32,43,3965,2,61,72,4,93,101,3,123,34,143,152,1,173,191,201,2
12,11,33,43,4771,2,61,74,2,93,101,4,122,51,143,152,1,173,191,201,1
14,54,30,41,9436,3,65,73,2,93,101,2,122,39,143,152,1,172,191,201,1
12,30,32,42,3832,1,61,72,2,94,101,1,122,22,143,152,1,173,191,201,1
14,24,32,43,5943,2,65,72,1,92,101,1,123,44,143,152,2,173,192,201,2
14,15,32,43,1213,1,63,75,4,93,101,3,122,47,142,152,1,173,192,201,1
14,18,32,49,1568,1,62,73,3,92,101,4,122,24,143,151,1,172,191,201,1
11,24,32,410,1755,1,61,75,4,92,103,4,121,58,143,152,1,172,192,201,1
11,10,32,43,2315,1,61,75,3,93,101,4,121,52,143,152,1,172,191,201,1
14,12,34,49,1412,1,61,73,4,92,103,2,121,29,143,152,2,174,192,201,1
12,18,34,42,1295,1,61,72,4,92,101,1,122,27,143,152,2,173,191,201,1
12,36,32,46,12612,4,62,73,1,93,101,4,124,47,143,153,1,173,192,201,2
11,18,32,40,2249,1,62,74,4,93,101,3,123,30,143,152,1,174,192,201,1
11,12,30,45,1108,1,61,74,4,93,101,3,121,28,143,152,2,173,191,201,2
14,12,34,43,618,1,61,75,4,93,101,4,121,56,143,152,1,173,191,201,1
11,12,34,41,1409,1,61,75,4,93,101,3,121,54,143,152,1,173,191,201,1
14,12,34,43,797,1,65,75,4,92,101,3,122,33,141,152,1,172,191,201,2
13,24,34,42,3617,1,65,75,4,93,102,4,124,20,143,151,2,173,191,201,1
12,12,32,40,1318,1,64,75,4,93,101,4,121,54,143,152,1,173,192,201,1
12,54,30,49,15945,4,61,72,3,93,101,4,124,58,143,151,1,173,192,201,2
14,12,34,46,2012,1,65,74,4,92,101,2,123,61,143,152,1,173,191,201,1
12,18,32,49,2622,1,62,73,4,93,101,4,123,34,143,152,1,173,191,201,1
12,36,34,43,2337,1,61,75,4,93,101,4,121,36,143,152,1,173,191,201,1
12,20,33,41,7057,3,65,74,3,93,101,4,122,36,141,151,2,174,192,201,1
14,24,32,40,1469,1,62,75,4,94,101,4,121,41,143,151,1,172,191,201,1
12,36,32,43,2323,1,61,74,4,93,101,4,123,24,143,151,1,173,191,201,1
14,6,33,43,932,1,61,73,3,92,101,2,121,24,143,152,1,173,191,201,1
12,9,34,42,1919,1,61,74,4,93,101,3,123,35,143,151,1,173,192,201,1
14,12,32,41,2445,1,65,72,2,94,101,4,123,26,143,151,1,173,192,201,1
12,24,34,410,11938,3,61,73,2,93,102,3,123,39,143,152,2,174,192,201,2
14,18,31,40,6458,2,61,75,2,93,101,4,124,39,141,152,2,174,192,201,2
12,12,32,40,6078,2,61,74,2,93,101,2,123,32,143,152,1,173,191,201,1
11,24,32,42,7721,3,65,72,1,92,101,2,122,30,143,152,1,173,192,202,1
12,14,32,49,1410,1,63,75,1,94,101,2,121,35,143,152,1,173,192,201,1
12,6,33,49,1449,1,62,75,1,91,101,2,123,31,141,152,2,173,191,201,1
13,15,32,46,392,1,61,72,4,92,101,4,122,23,143,151,1,173,192,201,1
12,18,32,40,6260,2,61,74,3,93,101,3,121,28,143,151,1,172,191,201,1
14,36,34,40,7855,3,61,73,4,92,101,2,121,25,142,152,2,173,192,201,2
11,12,32,43,1680,1,63,75,3,94,101,1,121,35,143,152,1,173,191,201,1
14,48,34,43,3578,1,65,75,4,93,101,1,121,47,143,152,1,173,192,201,1
11,42,32,43,7174,3,65,74,4,92,101,3,123,30,143,152,1,174,192,201,2
11,10,34,42,2132,1,65,72,2,92,102,3,121,27,143,151,2,173,191,202,1
11,33,34,42,4281,2,63,73,1,92,101,4,123,23,143,152,2,173,191,201,2
12,12,34,40,2366,1,63,74,3,91,101,3,123,36,143,152,1,174,192,201,1
11,21,32,43,1835,1,61,73,3,92,101,2,121,25,143,152,2,173,192,201,2
14,24,34,41,3868,1,61,75,4,92,101,2,123,41,143,151,2,174,192,201,1
14,12,32,42,1768,1,61,73,3,93,101,2,121,24,143,151,1,172,191,201,1
13,10,34,40,781,1,61,75,4,93,101,4,124,63,143,153,2,173,192,201,1
12,18,32,42,1924,1,65,72,4,92,101,3,121,27,143,151,1,173,191,201,2
11,12,34,40,2121,1,61,73,4,93,101,2,122,30,143,152,2,173,191,201,1
11,12,32,43,701,1,61,73,4,94,101,2,121,40,143,152,1,172,191,201,1
12,12,32,45,639,1,61,73,4,93,101,2,123,30,143,152,1,173,191,201,2
12,12,34,41,1860,1,61,71,4,93,101,2,123,34,143,152,2,174,192,201,1
11,12,34,40,3499,1,61,73,3,92,102,2,121,29,143,152,2,173,191,201,2
12,48,32,40,8487,3,65,74,1,92,101,2,123,24,143,152,1,173,191,201,1
11,36,33,46,6887,3,61,73,4,93,101,3,122,29,142,152,1,173,192,201,2
14,15,32,42,2708,1,61,72,2,93,101,3,122,27,141,152,2,172,191,201,1
14,18,32,42,1984,1,61,73,4,93,101,4,124,47,141,153,2,173,191,201,1
14,56.9,32,43,10144,3,62,74,2,92,101,4,121,21,143,152,1,173,192,201,1
14,12,34,43,1240,1,65,75,4,92,101,2,121,38,143,152,2,173,192,201,1
14,27,33,41,8613,3,64,73,2,93,101,2,123,27,143,152,2,173,191,201,1
12,12,32,43,766,1,63,73,4,93,101,3,121,66,143,152,1,172,191,201,2
12,15,34,43,2728,1,65,74,4,93,103,2,121,35,141,152,3,173,192,201,1
13,12,32,43,1881,1,61,73,2,92,101,2,123,44,143,151,1,172,192,201,1
13,6,32,40,709,1,64,72,2,94,101,2,121,27,143,152,1,171,191,202,1
12,36,32,43,4795,2,61,72,4,92,101,1,124,30,143,152,1,174,192,201,1
11,27,32,43,3416,1,61,73,3,93,101,2,123,27,143,152,1,174,191,201,1
11,18,32,42,2462,1,61,73,2,93,101,2,123,22,143,152,1,173,191,201,2
14,21,34,42,2288,1,61,72,4,92,101,4,122,23,143,152,1,173,192,201,1
12,48,31,49,3566,1,62,74,4,93,101,2,123,30,143,152,1,173,191,201,1
11,6,34,40,860,1,61,75,1,92,101,4,124,39,143,152,2,173,192,201,1
14,12,34,40,682,1,62,74,4,92,101,3,123,51,143,152,2,173,192,201,1
11,36,34,42,5371,2,61,73,3,93,103,2,122,28,143,152,2,173,191,201,1
14,18,34,43,1582,1,64,75,4,93,101,4,123,46,143,152,2,173,191,201,1
14,6,32,43,1346,1,62,75,2,93,101,4,124,42,141,153,1,173,192,201,1
14,10,32,43,1924,1,61,73,1,93,101,4,122,38,143,152,1,173,192,202,1
13,36,32,43,5848,2,61,73,4,93,101,1,123,24,143,152,1,173,191,201,1
12,24,34,41,7758,3,64,75,2,92,101,4,124,29,143,151,1,173,191,201,1
12,24,33,49,6967,3,62,74,4,93,101,4,123,36,143,151,1,174,192,201,1
11,12,32,42,1282,1,61,73,2,92,101,4,123,20,143,151,1,173,191,201,2
11,9,34,45,1288,1,62,75,3,93,103,4,121,48,143,152,2,173,191,202,1
11,12,31,48,339,1,61,75,4,94,101,1,123,45,141,152,1,172,191,201,1
12,24,32,40,3512,1,62,74,2,93,101,3,123,38,141,152,2,173,192,201,1
14,6,34,43,1898,1,65,73,1,93,101,2,121,34,143,152,2,172,191,201,1
14,24,34,43,2872,1,62,75,3,93,101,4,121,36,143,152,1,173,192,201,1
14,18,34,40,1055,1,61,72,4,92,101,1,122,30,143,152,2,173,191,201,1
14,15,32,44,1262,1,63,74,4,93,101,3,122,36,143,152,2,173,192,201,1
12,10,32,40,7308,3,61,71,2,93,101,4,124,70,141,153,1,174,192,201,1
14,36,32,40,909,1,63,75,4,93,101,4,122,36,143,152,1,173,191,201,1
14,6,32,42,2978,1,63,73,1,93,101,2,123,32,143,152,1,173,192,201,1
11,18,32,42,1131,1,61,71,4,92,101,2,123,33,143,152,1,173,191,201,2
12,11,32,42,1577,1,64,72,4,92,101,1,121,20,143,152,1,173,191,201,1
14,24,32,42,3972,2,61,74,2,92,101,4,122,25,143,151,1,173,192,201,1
12,24,34,49,1935,1,61,75,4,91,101,4,121,31,143,152,2,173,192,201,2
11,15,30,40,950,1,61,75,4,93,101,3,123,33,143,151,2,173,191,201,2
14,12,32,42,763,1,61,73,4,92,101,1,121,26,143,152,1,173,192,201,1
12,24,33,42,2064,1,61,71,3,92,101,2,122,34,143,152,1,174,192,201,2
12,8,32,43,1414,1,61,73,4,93,103,2,121,33,143,152,1,173,191,202,1
11,21,33,46,3414,1,61,72,2,93,101,1,122,26,143,152,2,173,191,201,2
14,30,31,41,7485,3,65,71,4,92,101,1,121,53,141,152,1,174,192,201,2
11,12,32,42,2577,1,61,73,2,91,101,1,123,42,143,152,1,173,191,201,1
11,6,34,43,338,1,63,75,4,93,101,4,123,52,143,152,2,173,191,201,1
14,12,32,43,1963,1,61,74,4,93,101,2,123,31,143,151,2,174,192,201,1
11,21,34,40,571,1,61,75,4,93,101,4,121,65,143,152,2,173,191,201,1
14,36,33,49,9572,3,61,72,1,91,101,1,123,28,143,152,2,173,191,201,2
12,36,33,49,4455,2,61,73,2,91,101,2,121,30,142,152,2,174,192,201,2
11,21,31,40,1647,1,65,73,4,93,101,2,122,40,143,152,2,172,191,201,2
14,24,34,42,3777,1,64,73,4,93,101,4,121,50,143,152,1,173,192,201,1
12,18,34,40,884,1,61,75,4,93,101,4,123,36,141,152,1,173,192,201,2
14,15,34,43,1360,1,61,73,4,93,101,2,122,31,143,152,2,173,191,201,1
12,9,31,41,5129,2,61,75,2,92,101,4,124,74,141,153,1,174,192,201,2
12,16,34,40,1175,1,61,71,2,93,101,3,123,68,143,153,3,171,192,201,1
11,12,32,43,674,1,62,74,4,94,101,1,122,20,143,152,1,173,191,201,2
12,18,30,42,3244,1,61,73,1,92,101,4,123,33,141,152,2,173,192,201,1
14,24,32,49,4591,2,64,73,2,93,101,3,122,54,143,152,3,174,192,201,2
12,48,30,49,3844,1,62,74,4,93,101,4,124,34,143,153,1,172,191,201,2
12,27,32,49,3915,2,61,73,4,93,101,2,123,36,143,152,1,173,192,201,2
14,6,32,43,2108,1,61,74,2,94,101,2,121,29,143,151,1,173,191,201,1
12,45,32,43,3031,1,62,73,4,93,103,4,122,21,143,151,1,173,191,201,2
12,9,34,46,1501,1,61,75,2,92,101,3,123,34,143,152,2,174,192,201,2
14,6,34,43,1382,1,61,73,1,92,101,1,123,28,143,152,2,173,192,201,1
12,12,32,42,951,1,62,72,4,92,101,4,123,27,141,151,4,173,191,201,2
12,24,32,41,2760,1,65,75,4,93,101,4,124,36,141,153,1,173,192,201,1
12,18,33,42,4297,2,61,75,4,91,101,3,124,40,143,152,1,174,192,201,2
14,9,34,46,936,1,63,75,4,93,101,2,123,52,143,152,2,173,192,201,1
11,12,32,40,1168,1,61,73,4,94,101,3,121,27,143,152,1,172,191,201,1
14,27,33,49,5117,2,61,74,3,93,101,4,123,26,143,152,2,173,191,201,1
11,12,32,48,902,1,61,74,4,94,101,4,122,21,143,151,1,173,191,201,2
14,12,34,40,1495,1,61,75,4,93,101,1,121,38,143,152,2,172,191,201,1
11,30,34,41,10623,3,61,75,3,93,101,4,124,38,143,153,3,174,192,201,1
14,12,34,42,1935,1,61,75,4,93,101,4,121,43,143,152,3,173,192,201,1
12,12,34,44,1424,1,61,74,4,93,101,3,122,26,143,152,1,173,191,201,1
11,24,32,49,6568,2,61,73,2,94,101,2,123,21,142,152,1,172,191,201,1
14,12,32,41,1413,1,64,74,3,93,101,2,122,55,143,152,1,173,191,202,1
14,9,34,43,3074,1,65,73,1,93,101,2,121,33,143,152,2,173,191,201,1
14,36,32,43,3835,1,65,75,2,92,101,4,121,45,143,152,1,172,192,201,1
11,27,30,49,5293,2,61,71,2,93,101,4,122,50,142,152,2,173,192,201,2
13,30,33,49,1908,1,61,75,4,93,101,4,121,66,143,152,1,174,192,201,2
14,36,34,43,3342,1,65,75,4,93,101,2,123,51,143,152,1,173,192,201,1
12,6,34,48,932,1,65,74,1,92,101,3,122,39,143,152,2,172,191,201,1
11,18,30,49,3104,1,61,74,3,93,101,1,122,31,141,152,1,173,192,201,1
13,36,32,43,3913,2,61,73,2,93,101,2,121,23,143,152,1,173,192,201,1
11,24,32,42,3021,1,61,73,2,91,101,2,121,24,143,151,1,172,191,201,1
14,10,32,40,1364,1,61,73,2,92,101,4,123,64,143,152,1,173,192,201,1
12,12,32,43,625,1,61,72,4,94,103,1,121,26,141,152,1,172,191,201,1
11,12,32,46,1200,1,65,73,4,92,101,4,122,23,141,151,1,173,192,201,1
14,12,32,43,707,1,61,73,4,93,101,2,121,30,141,152,2,173,191,201,1
14,24,33,49,2978,1,65,73,4,93,101,4,121,32,143,152,2,173,192,201,1
14,15,32,41,4657,2,61,73,3,93,101,2,123,30,143,152,1,173,192,201,1
14,36,30,45,2613,1,61,73,4,93,101,2,123,27,143,152,2,173,191,201,1
12,48,32,43,10961,3,64,74,1,93,102,2,124,27,141,152,2,173,192,201,2
11,12,32,42,7865,3,61,75,4,93,101,4,124,53,143,153,1,174,192,201,2
14,9,32,43,1478,1,61,74,4,93,101,2,123,22,143,152,1,173,191,201,2
11,24,32,42,3149,1,61,72,4,93,101,1,124,22,141,153,1,173,191,201,1
13,36,32,43,4210,2,61,73,4,93,101,2,123,26,143,152,1,173,191,201,2
14,9,32,40,2507,1,63,75,2,93,101,4,124,51,143,153,1,172,191,201,1
14,12,32,43,2141,1,62,74,3,93,101,1,124,35,143,152,1,173,191,201,1
12,18,32,43,866,1,61,73,4,94,103,2,121,25,143,152,1,172,191,201,1
14,4,34,43,1544,1,61,74,2,93,101,1,121,42,143,152,3,172,191,201,1
11,24,32,43,1823,1,61,71,4,93,101,2,123,30,142,152,1,174,191,201,2
12,6,32,40,14555,4,65,71,1,93,101,2,122,23,143,152,1,171,192,201,2
12,21,32,49,2767,1,62,75,4,91,101,2,123,61,141,151,2,172,191,201,2
14,12,34,43,1291,1,61,73,4,92,101,2,122,35,143,152,2,173,191,201,1
11,30,32,43,2522,1,61,75,1,93,103,3,122,39,143,152,1,173,191,201,1
11,24,32,40,915,1,65,75,4,92,101,2,123,29,141,152,1,173,191,201,2
14,6,32,43,1595,1,61,74,3,93,101,2,122,51,143,152,1,173,191,201,1
11,48,30,41,4605,2,61,75,3,93,101,4,124,24,143,153,2,173,191,201,2
14,12,34,49,1185,1,61,73,3,92,101,2,121,27,143,152,2,173,191,201,1
14,12,31,48,3447,1,63,73,4,92,101,3,121,35,143,152,1,172,191,201,1
14,24,32,49,1258,1,61,74,4,93,101,1,121,25,143,152,1,173,192,201,1
14,12,34,43,717,1,61,75,4,93,101,4,121,52,143,152,3,173,191,201,1
14,6,30,40,1204,1,62,73,4,93,101,1,124,35,141,151,1,173,191,202,1
13,24,32,42,1925,1,61,73,2,93,101,2,121,26,143,152,1,173,191,201,1
14,18,32,43,433,1,61,71,3,92,102,4,121,22,143,151,1,173,191,201,2
11,6,34,40,666,1,64,74,3,92,101,4,121,39,143,152,2,172,192,201,1
13,12,32,42,2251,1,61,73,1,92,101,2,123,46,143,152,1,172,191,201,1
12,30,32,40,2150,1,61,73,4,92,103,2,124,24,141,152,1,173,191,201,2
14,24,33,42,4151,2,62,73,2,93,101,3,122,35,143,152,2,173,191,201,1
12,9,32,42,2030,1,65,74,2,93,101,1,123,24,143,152,1,173,192,201,1
12,56.9,33,43,7418,3,65,73,1,93,101,1,121,27,143,152,1,172,191,201,1
14,24,34,43,2684,1,61,73,4,93,101,2,121,35,143,152,2,172,191,201,1
11,12,31,43,2149,1,61,73,4,91,101,1,124,29,143,153,1,173,191,201,2
14,15,32,41,3812,1,62,72,1,92,101,4,123,23,143,152,1,173,192,201,1
14,11,34,43,1154,1,62,71,4,92,101,4,121,57,143,152,3,172,191,201,1
11,12,32,42,1657,1,61,73,2,93,101,2,121,27,143,152,1,173,191,201,1
11,24,32,43,1603,1,61,75,4,92,101,4,123,55,143,152,1,173,191,201,1
11,18,34,40,5302,2,61,75,2,93,101,4,124,36,143,153,3,174,192,201,1
14,12,34,46,2748,1,61,75,2,92,101,4,124,57,141,153,3,172,191,201,1
14,10,34,40,1231,1,61,75,3,93,101,4,121,32,143,152,2,172,191,202,1
12,15,32,43,802,1,61,75,4,93,101,3,123,37,143,152,1,173,191,201,2
14,36,34,49,6304,2,65,75,4,93,101,4,121,36,143,152,2,173,191,201,1
14,24,32,43,1533,1,61,72,4,92,101,3,123,38,142,152,1,173,192,201,1
11,14,32,40,8978,3,61,75,1,91,101,4,122,45,143,152,1,174,192,202,2
14,24,32,43,999,1,65,75,4,93,101,2,123,25,143,152,2,173,191,201,1
14,18,32,40,2662,1,65,74,4,93,101,3,122,32,143,152,1,173,191,202,1
14,12,34,42,1402,1,63,74,3,92,101,4,123,37,143,151,1,173,192,201,1
12,48,31,40,12169,4,65,71,4,93,102,4,124,36,143,153,1,174,192,201,1
12,48,32,43,3060,1,61,74,4,93,101,4,121,28,143,152,2,173,191,201,2
11,30,32,45,11998,3,61,72,1,91,101,1,124,34,143,152,1,172,192,201,2
14,9,32,43,2697,1,61,73,1,93,101,2,121,32,143,152,1,173,191,201,1
14,18,34,43,2404,1,61,73,2,92,101,2,123,26,143,152,2,173,191,201,1
11,12,32,42,1262,1,65,75,2,91,101,4,122,49,143,152,1,172,192,201,1
14,6,32,42,4611,2,61,72,1,92,101,4,122,32,143,152,1,173,191,201,2
14,24,32,43,1901,1,62,73,4,93,101,4,123,29,143,151,1,174,192,201,1
14,15,34,41,3368,1,64,75,3,93,101,4,124,23,143,151,2,173,192,201,1
14,12,32,42,1574,1,61,73,4,93,101,2,121,50,143,152,1,173,191,201,1
13,18,31,43,1445,1,65,74,4,93,101,4,123,49,141,152,1,172,191,201,1
14,15,34,42,1520,1,65,75,4,93,101,4,122,63,143,152,1,173,191,201,1
12,24,34,40,3878,1,62,72,4,91,101,2,123,37,143,152,1,173,192,201,1
11,47,32,40,10722,3,61,72,1,92,101,1,121,35,143,152,1,172,192,201,1
11,48,32,41,4788,2,61,74,4,93,101,3,122,26,143,152,1,173,191,201,1
12,48,33,410,7582,3,62,71,2,93,101,4,124,31,143,153,1,174,192,201,1
12,12,32,43,1092,1,61,73,4,92,103,4,121,49,143,152,2,173,192,201,1
11,24,33,43,1024,1,61,72,4,94,101,4,121,48,142,152,1,173,191,201,2
14,12,32,49,1076,1,61,73,2,94,101,2,121,26,143,152,1,173,192,202,1
12,36,32,41,9398,3,61,72,1,94,101,4,123,28,143,151,1,174,192,201,2
11,24,34,41,6419,2,61,75,2,92,101,4,124,44,143,153,2,174,192,201,1
13,42,34,41,4796,2,61,75,4,93,101,4,124,56,143,153,1,173,191,201,1
14,48,34,49,7629,3,65,75,4,91,101,2,123,46,141,152,2,174,191,201,1
12,48,32,42,9960,3,61,72,1,92,101,2,123,26,143,152,1,173,192,201,2
14,12,32,41,4675,2,65,72,1,92,101,4,123,20,143,151,1,173,191,201,1
14,10,32,40,1287,1,65,75,4,93,102,2,122,45,143,152,1,172,191,202,1
14,18,32,42,2515,1,61,73,3,93,101,4,121,43,143,152,1,173,192,201,1
12,21,34,42,2745,1,64,74,3,93,101,2,123,32,143,152,2,173,192,201,1
14,6,32,40,672,1,61,71,1,92,101,4,121,54,143,152,1,171,192,201,1
12,36,30,43,3804,1,61,73,4,92,101,1,123,42,143,152,1,173,192,201,2
13,24,34,40,1344,1,65,74,4,93,101,2,121,37,141,152,2,172,191,201,2
11,10,34,40,1038,1,61,74,4,93,102,3,122,49,143,152,2,173,192,201,1
14,48,34,40,10127,3,63,73,2,93,101,2,124,44,141,153,1,173,191,201,2
14,6,32,42,1543,1,64,73,4,91,101,2,121,33,143,152,1,173,191,201,1
14,30,32,41,4811,2,65,74,2,92,101,4,122,24,142,151,1,172,191,201,1
11,12,32,43,727,1,62,72,4,94,101,3,124,33,143,152,1,172,192,201,2
12,8,32,42,1237,1,61,73,3,92,101,4,121,24,143,152,1,173,191,201,2
12,9,32,40,276,1,61,73,4,94,101,4,121,22,143,151,1,172,191,201,1
12,48,32,410,5381,2,65,71,3,93,101,4,124,40,141,153,1,171,192,201,1
14,24,32,42,5511,2,62,73,4,93,101,1,123,25,142,152,1,173,191,201,1
13,24,32,42,3749,1,61,72,2,92,101,4,123,26,143,152,1,173,191,201,1
12,12,32,40,685,1,61,74,2,94,101,3,123,25,141,152,1,172,191,201,2
13,4,32,40,1494,1,65,72,1,93,101,2,121,29,143,152,1,172,191,202,1
11,36,31,42,2746,1,61,75,4,93,101,4,123,31,141,152,1,173,191,201,2
11,12,32,42,708,1,61,73,2,93,103,3,122,38,143,152,1,172,191,201,1
12,24,32,42,4351,2,65,73,1,92,101,4,122,48,143,152,1,172,192,201,1
14,12,34,46,701,1,61,73,4,93,101,2,123,32,143,152,2,173,191,201,1
11,15,33,42,3643,1,61,75,1,92,101,4,122,27,143,152,2,172,191,201,1
12,30,34,40,4249,2,61,71,4,94,101,2,123,28,143,152,2,174,191,201,2
11,24,32,43,1938,1,61,72,4,91,101,3,122,32,143,152,1,173,191,201,2
11,24,32,41,2910,1,61,74,2,93,101,1,124,34,143,153,1,174,192,201,1
11,18,32,42,2659,1,64,73,4,93,101,2,123,28,143,152,1,173,191,201,1
14,18,34,40,1028,1,61,73,4,92,101,3,121,36,143,152,2,173,191,201,1
11,8,34,40,3398,1,61,74,1,93,101,4,121,39,143,152,2,172,191,202,1
14,12,34,42,5801,2,65,75,2,93,101,4,122,49,143,151,1,173,192,201,1
14,24,32,40,1525,1,64,74,4,92,101,3,123,34,143,152,1,173,192,201,1
13,36,32,43,4473,2,61,75,4,93,101,2,123,31,143,152,1,173,191,201,1
12,6,32,43,1068,1,61,75,4,93,101,4,123,28,143,152,1,173,191,201,1
11,24,34,41,6615,3,61,71,2,93,101,4,124,75,143,153,2,174,192,201,1
14,18,34,46,1864,1,62,73,4,92,101,2,121,30,143,152,2,173,191,201,2
12,56.9,32,40,7408,3,62,72,4,92,101,2,122,24,143,152,1,174,191,201,2
14,48,34,41,11590,3,62,73,2,92,101,4,123,24,141,151,2,172,191,201,2
11,24,30,42,4110,2,61,75,3,93,101,4,124,23,141,151,2,173,191,201,2
11,6,34,42,3384,1,61,73,1,91,101,4,121,44,143,151,1,174,192,201,2
12,13,32,43,2101,1,61,72,2,92,103,4,122,23,143,152,1,172,191,201,1
11,15,32,44,1275,1,65,73,4,92,101,2,123,24,143,151,1,173,191,201,2
11,24,32,42,4169,2,61,73,4,93,101,4,122,28,143,152,1,173,191,201,1
12,10,32,42,1521,1,61,73,4,91,101,2,123,31,143,152,1,172,191,201,1
12,24,34,46,5743,2,61,72,2,92,101,4,124,24,143,153,2,173,192,201,1
11,21,32,42,3599,1,61,74,1,92,101,4,123,26,143,151,1,172,191,201,1
12,18,32,43,3213,1,63,72,1,94,101,3,121,25,143,151,1,173,191,201,1
12,18,32,49,4439,2,61,75,1,93,102,1,121,33,141,152,1,174,192,201,1
13,10,32,40,3949,2,61,72,1,93,103,1,122,37,143,152,1,172,191,201,1
14,15,34,43,1459,1,61,73,4,92,101,2,123,43,143,152,1,172,191,201,1
12,13,34,43,882,1,61,72,4,93,103,4,121,23,143,152,2,173,191,201,1
12,24,32,43,3758,1,63,71,1,92,101,4,124,23,143,151,1,171,191,201,1
14,6,33,49,1743,1,62,73,1,93,101,2,121,34,143,152,2,172,191,201,1
12,9,34,46,1136,1,64,75,4,93,101,3,124,32,143,153,2,173,191,201,2
14,9,32,44,1236,1,61,72,1,92,101,4,121,23,143,151,1,173,192,201,1
12,9,32,42,959,1,61,73,1,92,101,2,123,29,143,152,1,173,191,202,2
14,18,34,41,3229,1,65,71,2,93,101,4,124,38,143,152,1,174,192,201,1
11,12,30,43,6199,2,61,73,4,93,101,2,122,28,143,151,2,173,192,201,2
14,10,32,46,727,1,63,75,4,93,101,4,124,46,143,153,1,173,192,201,1
12,24,32,40,1246,1,61,72,4,93,101,2,121,23,142,152,1,172,191,201,2
14,12,34,43,2331,1,65,75,1,93,102,4,121,49,143,152,1,173,192,201,1
14,36,33,43,4463,2,61,73,4,93,101,2,123,26,143,152,2,174,192,201,2
14,12,32,43,776,1,61,73,4,94,101,2,121,28,143,152,1,173,191,201,1
11,30,32,42,2406,1,61,74,4,92,101,4,121,23,143,151,1,173,191,201,2
12,18,32,46,1239,1,65,73,4,93,101,4,124,61,143,153,1,173,191,201,1
13,12,32,43,3399,1,65,75,2,93,101,3,123,37,143,152,1,174,191,201,1
13,12,33,40,2247,1,61,73,2,92,101,2,123,36,142,152,2,173,192,201,1
14,6,32,42,1766,1,61,73,1,94,101,2,122,21,143,151,1,173,191,201,1
11,18,32,42,2473,1,61,71,4,93,101,1,123,25,143,152,1,171,191,201,2
14,12,32,49,1542,1,61,74,2,93,101,4,123,36,143,152,1,173,192,201,1
14,18,34,41,3850,1,61,74,3,93,101,1,123,27,143,152,2,173,191,201,1
11,18,32,42,3650,1,61,72,1,92,101,4,123,22,143,151,1,173,191,201,1
11,36,32,42,3446,1,61,75,4,93,101,2,123,42,143,152,1,173,191,201,2
12,18,32,42,3001,1,61,74,2,92,101,4,121,40,143,151,1,173,191,201,1
14,36,32,40,3079,1,65,73,4,93,101,4,121,36,143,152,1,173,191,201,1
14,18,34,43,6070,2,61,75,3,93,101,4,123,33,143,152,2,173,192,201,1
14,10,34,42,2146,1,61,72,1,92,101,3,121,23,143,151,2,173,191,201,1
14,56.9,34,40,13756,4,65,75,2,93,101,4,124,63,141,153,1,174,192,201,1
12,56.9,31,410,14782,4,62,75,3,92,101,4,124,60,141,153,2,174,192,201,2
11,48,31,49,7685,3,61,74,2,92,103,4,123,37,143,151,1,173,191,201,2
14,18,33,43,2320,1,61,71,2,94,101,3,121,34,143,152,2,173,191,201,1
14,7,33,43,846,1,65,75,3,93,101,4,124,36,143,153,1,173,191,201,1
12,36,32,40,14318,4,61,75,4,93,101,2,124,57,143,153,1,174,192,201,2
14,6,34,40,362,1,62,73,4,92,101,4,123,52,143,152,2,172,191,201,1
11,20,32,42,2212,1,65,74,4,93,101,4,123,39,143,152,1,173,192,201,1
12,18,32,41,12976,4,61,71,3,92,101,4,124,38,143,153,1,174,192,201,2
14,22,32,40,1283,1,65,74,4,92,101,4,122,25,143,151,1,173,191,201,1
13,12,32,40,1330,1,61,72,4,93,101,1,121,26,143,152,1,173,191,201,1
14,30,33,49,4272,2,62,73,2,93,101,2,122,26,143,152,2,172,191,201,1
14,18,34,43,2238,1,61,73,2,92,101,1,123,25,143,152,2,173,191,201,1
14,18,32,43,1126,1,65,72,4,92,101,2,121,21,143,151,1,173,192,201,1
12,18,34,42,7374,3,61,71,4,93,101,4,122,40,142,152,2,174,192,201,1
12,15,34,49,2326,1,63,73,2,93,101,4,123,27,141,152,1,173,191,201,1
14,9,32,49,1449,1,61,74,3,92,101,2,123,27,143,152,2,173,191,201,1
14,18,32,40,1820,1,61,73,2,94,101,2,122,30,143,152,1,174,192,201,1
12,12,32,42,983,1,64,72,1,92,101,4,121,19,143,151,1,172,191,201,1
11,36,32,40,3249,1,61,74,2,93,101,4,124,39,141,153,1,174,192,201,1
11,6,34,43,1957,1,61,74,1,92,101,4,123,31,143,152,1,173,191,201,1
14,9,34,42,2406,1,61,71,2,93,101,3,123,31,143,152,1,174,191,201,1
12,39,33,46,11760,3,62,74,2,93,101,3,124,32,143,151,1,173,192,201,1
11,12,32,42,2578,1,61,71,3,92,101,4,124,55,143,153,1,174,191,201,1
11,36,34,42,2348,1,61,73,3,94,101,2,122,46,143,152,2,173,192,201,1
12,12,32,40,1223,1,61,75,1,91,101,1,121,46,143,151,2,173,191,201,2
14,24,34,43,1516,1,64,73,4,92,101,1,121,43,143,152,2,172,191,201,1
14,18,32,43,1473,1,61,72,3,94,101,4,121,39,143,152,1,173,192,201,1
12,18,34,49,1887,1,65,73,4,94,101,4,121,28,141,152,2,173,191,201,1
14,24,33,49,8648,3,61,72,2,93,101,2,123,27,141,152,2,173,192,201,2
14,14,33,40,802,1,61,73,4,93,101,2,123,27,143,152,2,172,191,201,1
12,18,33,40,2899,1,65,75,4,93,101,4,123,43,143,152,1,173,191,201,1
12,24,32,43,2039,1,61,72,1,94,101,1,122,22,143,152,1,173,192,201,2
14,24,34,41,2197,1,65,74,4,93,101,4,123,43,143,152,2,173,192,201,1
11,15,32,43,1053,1,61,72,4,94,101,2,121,27,143,152,1,173,191,202,1
14,24,32,43,3235,1,63,75,3,91,101,2,123,26,143,152,1,174,192,201,1
13,12,34,40,939,1,63,74,4,94,101,2,121,28,143,152,3,173,192,201,2
12,24,32,43,1967,1,61,75,4,92,101,4,123,20,143,152,1,173,192,201,1
14,33,34,41,7253,3,61,74,3,93,101,2,123,35,143,152,2,174,192,201,1
14,12,34,49,2292,1,61,71,4,93,101,2,123,42,142,152,2,174,192,201,2
14,10,32,40,1597,1,63,73,3,93,101,2,124,40,143,151,1,172,191,202,1
11,24,32,40,1381,1,65,73,4,92,101,2,122,35,143,152,1,173,191,201,2
14,36,34,41,5842,2,61,75,2,93,101,2,122,35,143,152,2,173,192,201,1
11,12,32,40,2579,1,61,72,4,93,101,1,121,33,143,152,1,172,191,201,2
11,18,33,46,8471,3,65,73,1,92,101,2,123,23,143,151,2,173,192,201,1
14,21,32,40,2782,1,63,74,1,92,101,2,123,31,141,152,1,174,191,201,1
12,18,32,40,1042,1,65,73,4,92,101,2,122,33,143,152,1,173,191,201,2
14,15,32,40,3186,1,64,74,2,92,101,3,123,20,143,151,1,173,191,201,1
12,12,32,41,2028,1,65,73,4,93,101,2,123,30,143,152,1,173,191,201,1
12,12,34,40,958,1,61,74,2,93,101,3,121,47,143,152,2,172,191,201,1
14,21,33,42,1591,1,62,74,4,93,101,3,121,34,143,152,2,174,191,201,1
12,12,32,42,2762,1,65,75,1,92,101,2,122,25,141,152,1,173,192,201,2
12,18,32,41,2779,1,61,73,1,94,101,3,123,21,143,151,1,173,192,201,1
14,28,34,43,2743,1,61,75,4,93,101,2,123,29,143,152,2,173,191,201,1
14,18,34,43,1149,1,64,73,4,93,101,3,121,46,143,152,2,173,191,201,1
14,9,32,42,1313,1,61,75,1,93,101,4,123,20,143,152,1,173,191,201,1
11,18,34,45,1190,1,61,71,2,92,101,4,124,55,143,153,3,171,191,201,2
14,5,32,49,3448,1,61,74,1,93,101,4,121,74,143,152,1,172,191,201,1
12,24,32,410,11328,3,61,73,2,93,102,3,123,29,141,152,2,174,192,201,2
11,6,34,42,1872,1,61,71,4,93,101,4,124,36,143,153,3,174,192,201,1
14,24,34,45,2058,1,61,73,4,91,101,2,121,33,143,152,2,173,192,201,1
11,9,32,42,2136,1,61,73,3,93,101,2,121,25,143,152,1,173,191,201,1
12,12,32,43,1484,1,65,73,2,94,101,1,121,25,143,152,1,173,192,201,2
14,6,32,45,660,1,63,74,2,94,101,4,121,23,143,151,1,172,191,201,1
14,24,34,40,1287,1,64,75,4,92,101,4,121,37,143,152,2,173,192,201,1
11,42,34,45,3394,1,61,71,4,93,102,4,123,65,143,152,2,171,191,201,1
13,12,31,49,609,1,61,72,4,92,101,1,121,26,143,152,1,171,191,201,2
14,12,32,40,1884,1,61,75,4,93,101,4,123,39,143,152,1,174,192,201,1
11,12,32,42,1620,1,61,73,2,92,102,3,122,30,143,152,1,173,191,201,1
12,20,33,410,2629,1,61,73,2,93,101,3,123,29,141,152,2,173,192,201,1
14,12,32,46,719,1,61,75,4,93,101,4,123,41,141,152,1,172,191,201,2
12,48,34,42,5096,2,61,73,2,92,101,3,123,30,143,152,1,174,192,201,2
14,9,34,46,1244,1,65,75,4,92,101,4,122,41,143,151,2,172,191,201,1
11,36,32,40,1842,1,61,72,4,92,101,4,123,34,143,152,1,173,192,201,2
12,7,32,43,2576,1,61,73,2,93,103,2,121,35,143,152,1,173,191,201,1
13,12,32,42,1424,1,65,75,3,92,101,4,121,55,143,152,1,174,192,201,1
12,15,33,45,1512,1,64,73,3,94,101,3,122,61,142,152,2,173,191,201,2
14,36,34,41,11054,3,65,73,4,93,101,2,123,30,143,152,1,174,192,201,1
14,6,32,43,518,1,61,73,3,92,101,1,121,29,143,152,1,173,191,201,1
14,12,30,42,2759,1,61,75,2,93,101,4,122,34,143,152,2,173,191,201,1
14,24,32,41,2670,1,61,75,4,93,101,4,123,35,143,152,1,174,192,201,1
11,24,32,40,4817,2,61,74,2,93,102,3,122,31,143,152,1,173,192,201,2
14,24,32,41,2679,1,61,72,4,92,101,1,124,29,143,152,1,174,192,201,1
11,11,34,40,3905,2,61,73,2,93,101,2,121,36,143,151,2,173,191,201,1
11,12,32,41,3386,1,61,75,3,93,101,4,124,35,143,153,1,173,192,201,2
11,6,32,44,343,1,61,72,4,92,101,1,121,27,143,152,1,173,191,201,1
14,18,32,43,4594,2,61,72,3,93,101,2,123,32,143,152,1,173,192,201,1
11,36,32,42,3620,1,61,73,1,93,103,2,122,37,143,152,1,173,191,201,1
11,15,32,40,1721,1,61,72,2,93,101,3,121,36,143,152,1,173,191,201,1
12,12,32,42,3017,1,61,72,3,92,101,1,121,34,143,151,1,174,191,201,1
12,12,32,48,754,1,65,75,4,93,101,4,122,38,143,152,2,173,191,201,1
14,18,32,49,1950,1,61,74,4,93,101,1,123,34,142,152,2,173,192,201,1
11,24,32,41,2924,1,61,73,3,93,103,4,124,63,141,152,1,173,192,201,1
11,24,33,43,1659,1,61,72,4,92,101,2,123,29,143,151,1,172,192,201,2
14,48,33,43,7238,3,65,75,3,93,101,3,123,32,141,152,2,173,191,201,1
14,33,33,49,2764,1,61,73,2,92,101,2,123,26,143,152,2,173,192,201,1
14,24,33,41,4679,2,61,74,3,93,101,3,123,35,143,152,2,172,192,201,1
12,24,32,43,3092,1,62,72,3,94,101,2,123,22,143,151,1,173,192,201,2
11,6,32,46,448,1,61,72,4,92,101,4,122,23,143,152,1,173,191,201,2
11,9,32,40,654,1,61,73,4,93,101,3,123,28,143,152,1,172,191,201,2
14,6,32,48,1238,1,65,71,4,93,101,4,122,36,143,152,1,174,192,201,1
12,18,34,43,1245,1,61,73,4,94,101,2,123,33,143,152,1,173,191,201,2
11,18,30,42,3114,1,61,72,1,92,101,4,122,26,143,151,1,173,191,201,2
14,39,32,41,2569,1,63,73,4,93,101,4,123,24,143,152,1,173,191,201,1
13,24,32,43,5152,2,61,74,4,93,101,2,123,25,141,152,1,173,191,201,1
12,12,32,49,1037,1,62,74,3,93,101,4,121,39,143,152,1,172,191,201,1
11,15,34,42,1478,1,61,75,4,93,101,4,123,44,143,152,2,173,192,201,1
12,12,34,43,3573,1,61,73,1,92,101,1,121,23,143,152,1,172,191,201,1
12,24,32,40,1201,1,61,72,4,93,101,1,122,26,143,152,1,173,191,201,1
11,30,32,42,3622,1,64,75,4,92,101,4,122,57,143,151,2,173,192,201,1
14,15,33,42,960,1,64,74,3,92,101,2,122,30,143,152,2,173,191,201,1
14,12,34,40,1163,1,63,73,4,93,101,4,121,44,143,152,1,173,192,201,1
12,6,33,40,1209,1,61,71,4,93,101,4,122,47,143,152,1,174,192,201,2
14,12,32,43,3077,1,61,73,2,93,101,4,123,52,143,152,1,173,192,201,1
14,24,32,40,3757,1,61,75,4,92,102,4,124,62,143,153,1,173,192,201,1
14,10,32,40,1418,1,62,73,3,93,101,2,121,35,143,151,1,172,191,202,1
14,6,32,40,3518,1,61,73,2,93,103,3,122,26,143,151,1,173,191,201,1
14,12,34,43,1934,1,61,75,2,93,101,2,124,26,143,152,2,173,191,201,1
12,27,30,49,8318,3,61,75,2,92,101,4,124,42,143,153,2,174,192,201,2
14,6,34,43,1237,1,62,73,1,92,101,1,122,27,143,152,2,173,191,201,1
12,6,32,43,368,1,65,75,4,93,101,4,122,38,143,152,1,173,191,201,1
11,12,34,40,2122,1,61,73,3,93,101,2,121,39,143,151,2,172,191,202,1
11,24,32,42,2996,1,65,73,2,94,101,4,123,20,143,152,1,173,191,201,2
12,36,32,42,9034,3,62,72,4,93,102,1,124,29,143,151,1,174,192,201,2
14,24,34,42,1585,1,61,74,4,93,101,3,122,40,143,152,2,173,191,201,1
12,18,32,43,1301,1,61,75,4,94,103,2,121,32,143,152,1,172,191,201,1
13,6,34,40,1323,1,62,75,2,91,101,4,123,28,143,152,2,173,192,201,1
11,24,32,40,3123,1,61,72,4,92,101,1,122,27,143,152,1,173,191,201,2
11,36,32,41,5493,2,61,75,2,93,101,4,124,42,143,153,1,173,191,201,1
13,9,32,43,1126,1,62,75,2,91,101,4,121,49,143,152,1,173,191,201,1
12,24,34,43,1216,1,62,72,4,93,101,4,124,38,141,152,2,173,191,201,2
11,24,32,40,1207,1,61,72,4,92,101,4,122,24,143,151,1,173,191,201,2
14,10,32,40,1309,1,65,73,4,93,103,4,122,27,143,152,1,172,191,201,2
13,15,34,41,2360,1,63,73,2,93,101,2,123,36,143,152,1,173,192,201,1
12,15,31,40,6850,3,62,71,1,93,101,2,122,34,143,152,1,174,192,201,2
14,24,32,43,1413,1,61,73,4,94,101,2,122,28,143,152,1,173,191,201,1
14,39,32,41,8588,3,62,75,4,93,101,2,123,45,143,152,1,174,192,201,1
11,12,32,40,759,1,61,74,4,93,101,2,121,26,143,152,1,173,191,201,2
14,36,32,41,4686,2,61,73,2,93,101,2,124,32,143,153,1,174,192,201,1
13,15,32,49,2687,1,61,74,2,93,101,4,122,26,143,151,1,173,192,201,1
12,12,33,43,585,1,61,73,4,94,102,4,121,20,143,151,2,173,191,201,1
14,24,32,40,2255,1,65,72,4,93,101,1,122,54,143,152,1,173,191,201,1
11,6,34,40,609,1,61,74,4,92,101,3,122,37,143,152,2,173,191,202,1
11,6,34,40,1361,1,61,72,2,93,101,4,121,40,143,152,1,172,191,202,1
14,36,34,42,7127,3,61,72,2,92,101,4,122,23,143,151,2,173,192,201,2
11,6,32,40,1203,1,62,75,3,93,101,2,122,43,143,152,1,173,192,201,1
14,6,34,43,700,1,65,75,4,93,101,4,124,36,143,153,2,173,191,201,1
14,24,34,45,5507,2,61,75,3,93,101,4,124,44,143,153,2,173,191,201,1
11,18,32,43,3190,1,61,73,2,92,101,2,121,24,143,152,1,173,191,201,2
11,48,30,42,7119,3,61,73,3,93,101,4,124,53,143,153,2,173,191,201,2
14,24,32,41,3488,1,62,74,3,92,101,4,123,23,143,152,1,173,191,201,1
12,18,32,43,1113,1,61,73,4,92,103,4,121,26,143,152,1,172,191,201,1
12,26,32,41,7966,3,61,72,2,93,101,3,123,30,143,152,2,173,191,201,1
14,15,34,46,1532,1,62,73,4,92,101,3,123,31,143,152,1,173,191,201,1
14,4,34,43,1503,1,61,74,2,93,101,1,121,42,143,152,2,172,191,201,1
11,36,32,43,2302,1,61,73,4,91,101,4,123,31,143,151,1,173,191,201,2
11,6,32,40,662,1,61,72,3,93,101,4,121,41,143,152,1,172,192,201,1
12,36,32,46,2273,1,61,74,3,93,101,1,123,32,143,152,2,173,191,201,1
12,15,32,40,2631,1,62,73,2,92,101,4,123,28,143,151,2,173,192,201,2
14,12,33,41,1503,1,61,73,4,94,101,4,121,41,143,151,1,173,191,201,1
14,24,32,43,1311,1,62,74,4,94,101,3,122,26,143,152,1,173,192,201,1
14,24,32,43,3105,1,65,72,4,93,101,2,123,25,143,152,2,173,191,201,1
13,21,34,46,2319,1,61,72,2,91,101,1,123,33,143,151,1,173,191,201,2
11,6,32,40,1374,1,65,71,4,92,101,3,122,75,143,152,1,174,192,201,1
12,18,34,42,3612,1,61,75,3,92,101,4,122,37,143,152,1,173,192,201,1
11,48,32,40,7763,3,61,75,4,93,101,4,124,42,141,153,1,174,191,201,2
13,18,32,42,3049,1,61,72,1,92,101,1,122,45,142,152,1,172,191,201,1
12,12,32,43,1534,1,61,72,1,94,101,1,121,23,143,151,1,173,191,201,2
14,24,33,40,2032,1,61,75,4,93,101,4,124,60,143,153,2,173,192,201,1
11,30,32,42,6350,2,65,75,4,93,101,4,122,31,143,152,1,173,191,201,2
13,18,32,42,2864,1,61,73,2,93,101,1,121,34,143,152,1,172,191,201,2
14,12,34,40,1255,1,61,75,4,93,101,4,121,61,143,152,2,172,191,201,1
11,24,33,40,1333,1,61,71,4,93,101,2,121,43,143,153,2,173,191,201,2
14,24,34,40,2022,1,61,73,4,92,101,4,123,37,143,152,1,173,192,201,1
14,24,32,43,1552,1,61,74,3,93,101,1,123,32,141,152,1,173,191,201,1
11,12,31,43,626,1,61,73,4,92,101,4,121,24,141,152,1,172,191,201,2
14,48,34,41,8858,3,65,74,2,93,101,1,124,35,143,153,2,173,192,201,1
14,12,34,45,996,1,65,74,4,92,101,4,121,23,143,152,2,173,191,201,1
14,6,31,43,1750,1,63,75,2,93,101,4,122,45,141,152,1,172,191,201,1
11,48,32,43,6999,3,61,74,1,94,103,1,121,34,143,152,2,173,192,201,2
12,12,34,40,1995,1,62,72,4,93,101,1,123,27,143,152,1,173,191,201,1
12,9,32,46,1199,1,61,74,4,92,101,4,122,67,143,152,2,174,192,201,1
12,12,32,43,1331,1,61,72,2,93,101,1,123,22,142,152,1,173,191,201,2
12,18,30,40,2278,1,62,72,3,92,101,3,123,28,143,152,2,173,191,201,2
14,21,30,40,5003,2,65,73,1,92,101,4,122,29,141,152,2,173,192,201,2
11,24,31,42,3552,1,61,74,3,93,101,4,123,27,141,152,1,173,191,201,2
12,18,34,42,1928,1,61,72,2,93,101,2,121,31,143,152,2,172,191,201,2
11,24,32,41,2964,1,65,75,4,93,101,4,124,49,141,153,1,173,192,201,1
11,24,31,43,1546,1,61,74,4,93,103,4,123,24,141,151,1,172,191,201,2
13,6,33,43,683,1,61,72,2,92,101,1,122,29,141,152,1,173,191,201,1
12,36,32,40,12389,4,65,73,1,93,101,4,124,37,143,153,1,173,192,201,2
12,24,33,49,4712,2,65,73,4,93,101,2,122,37,141,152,2,174,192,201,1
12,24,33,43,1553,1,62,74,3,92,101,2,122,23,143,151,2,173,192,201,1
11,12,32,40,1372,1,61,74,2,91,101,3,123,36,143,152,1,173,191,201,2
14,24,34,43,2578,1,64,75,2,93,101,2,123,34,143,152,1,173,191,201,1
12,48,32,43,3979,2,65,74,4,93,101,1,123,41,143,152,2,173,192,201,1
11,48,32,43,6758,3,61,73,3,92,101,2,123,31,143,152,1,173,192,201,2
11,24,32,42,3234,1,61,72,4,92,101,4,121,23,143,151,1,172,192,201,2
14,30,34,43,5954,2,61,74,3,93,102,2,123,38,143,152,1,173,191,201,1
14,24,32,41,5433,2,65,71,2,92,101,4,122,26,143,151,1,174,192,201,1
11,15,32,49,806,1,61,73,4,92,101,4,122,22,143,152,1,172,191,201,1
12,9,32,43,1082,1,61,75,4,93,101,4,123,27,143,152,2,172,191,201,1
14,15,34,42,2788,1,61,74,2,92,102,3,123,24,141,152,2,173,191,201,1
12,12,32,43,2930,1,61,74,2,92,101,1,121,27,143,152,1,173,191,201,1
14,24,34,46,1927,1,65,73,3,92,101,2,123,33,143,152,2,173,192,201,1
12,36,34,40,2820,1,61,72,4,91,101,4,123,27,143,152,2,173,191,201,2
14,24,32,48,937,1,61,72,4,94,101,3,123,27,143,152,2,172,191,201,1
12,18,34,40,1056,1,61,75,3,93,103,3,121,30,141,152,2,173,191,201,2
12,12,34,40,3124,1,61,72,1,93,101,3,121,49,141,152,2,172,191,201,1
14,9,32,42,1388,1,61,73,4,92,101,2,121,26,143,151,1,173,191,201,1
12,36,32,45,2384,1,61,72,4,93,101,1,124,33,143,151,1,172,191,201,2
14,12,32,40,2133,1,65,75,4,92,101,4,124,52,143,153,1,174,192,201,1
11,18,32,42,2039,1,61,73,1,92,101,4,121,20,141,151,1,173,191,201,2
11,9,34,40,2799,1,61,73,2,93,101,2,121,36,143,151,2,173,191,201,1
11,12,32,42,1289,1,61,73,4,93,103,1,122,21,143,152,1,172,191,201,1
11,18,32,44,1217,1,61,73,4,94,101,3,121,47,143,152,1,172,192,201,2
11,12,34,42,2246,1,61,75,3,93,101,3,122,60,143,152,2,173,191,201,2
11,12,34,43,385,1,61,74,4,92,101,3,121,58,143,152,4,172,192,201,1
12,24,33,40,1965,1,65,73,4,92,101,4,123,42,143,151,2,173,192,201,1
14,21,32,49,1572,1,64,75,4,92,101,4,121,36,141,152,1,172,191,201,1
12,24,32,40,2718,1,61,73,3,92,101,4,122,20,143,151,1,172,192,201,2
11,24,31,410,1358,1,65,75,4,93,101,3,123,40,142,152,1,174,192,201,2
12,6,31,40,931,1,62,72,1,92,101,1,122,32,142,152,1,172,191,201,2
11,24,32,40,1442,1,61,74,4,92,101,4,123,23,143,151,2,173,191,201,2
12,24,30,49,4241,2,61,73,1,93,101,4,121,36,143,152,3,172,192,201,2
14,18,34,40,2775,1,61,74,2,93,101,2,122,31,141,152,2,173,191,201,2
14,24,33,49,3863,1,61,73,1,93,101,2,124,32,143,153,1,173,191,201,1
12,7,32,43,2329,1,61,72,1,92,103,1,121,45,143,152,1,173,191,201,1
12,9,32,42,918,1,61,73,4,92,101,1,122,30,143,152,1,173,191,201,2
12,24,31,46,1837,1,61,74,4,92,101,4,124,34,141,153,1,172,191,201,2
14,36,32,42,3349,1,61,73,4,92,101,2,123,28,143,152,1,174,192,201,2
13,10,32,42,1275,1,61,72,4,92,101,2,122,23,143,152,1,173,191,201,1
11,24,31,42,2828,1,63,73,4,93,101,4,121,22,142,152,1,173,192,201,1
14,24,34,49,4526,2,61,73,3,93,101,2,121,74,143,152,1,174,192,201,1
12,36,32,43,2671,1,62,73,4,92,102,4,124,50,143,153,1,173,191,201,2
14,18,32,43,2051,1,61,72,4,93,101,1,121,33,143,152,1,173,191,201,1
14,15,32,41,1300,1,65,75,4,93,101,4,124,45,141,153,1,173,191,201,1
11,12,32,44,741,1,62,71,4,92,101,3,122,22,143,152,1,173,191,201,2
13,10,32,40,1240,1,62,75,1,92,101,4,124,48,143,153,1,172,191,201,2
11,21,32,43,3357,1,64,72,4,92,101,2,123,29,141,152,1,173,191,201,1
11,24,31,41,3632,1,61,73,1,92,103,4,123,22,141,151,1,173,191,202,1
14,18,33,42,1808,1,61,74,4,92,101,1,121,22,143,152,1,173,191,201,2
12,48,30,49,12204,4,65,73,2,93,101,2,123,48,141,152,1,174,192,201,1
12,56.9,33,43,9157,3,65,73,2,93,101,2,124,27,143,153,1,174,191,201,1
11,6,34,40,3676,1,61,73,1,93,101,3,121,37,143,151,3,173,191,201,1
12,30,32,42,3441,1,62,73,2,92,102,4,123,21,143,151,1,173,191,201,2
14,12,32,40,640,1,61,73,4,91,101,2,121,49,143,152,1,172,191,201,1
12,21,34,49,3652,1,61,74,2,93,101,3,122,27,143,152,2,173,191,201,1
14,18,34,40,1530,1,61,73,3,93,101,2,122,32,141,152,2,173,191,201,2
14,48,32,49,3914,2,65,73,4,91,101,2,121,38,141,152,1,173,191,201,2
11,12,32,42,1858,1,61,72,4,92,101,1,123,22,143,151,1,173,191,201,1
11,18,32,43,2600,1,61,73,4,93,101,4,124,65,143,153,2,173,191,201,2
14,15,32,43,1979,1,65,75,4,93,101,2,123,35,143,152,1,173,191,201,1
13,6,32,42,2116,1,61,73,2,93,101,2,121,41,143,152,1,173,192,201,1
12,9,31,40,1437,1,62,74,2,93,101,3,124,29,143,152,1,173,191,201,2
14,42,34,42,4042,2,63,73,4,93,101,4,121,36,143,152,2,173,192,201,1
14,9,32,46,3832,1,65,75,1,93,101,4,121,64,143,152,1,172,191,201,1
11,24,32,43,3660,1,61,73,2,92,101,4,123,28,143,152,1,173,191,201,1
11,18,31,42,1553,1,61,73,4,93,101,3,123,44,141,152,1,173,191,201,2
12,15,32,43,1444,1,65,72,4,93,101,1,122,23,143,152,1,173,191,201,1
14,9,32,42,1980,1,61,72,2,92,102,2,123,19,143,151,2,173,191,201,2
12,24,32,40,1355,1,61,72,3,92,101,4,123,25,143,152,1,172,192,201,2
14,12,32,46,1393,1,61,75,4,93,101,4,122,47,141,152,3,173,192,201,1
14,24,32,43,1376,1,63,74,4,92,101,1,123,28,143,152,1,173,191,201,1
14,56.9,33,43,15653,4,61,74,2,93,101,4,123,21,143,152,2,173,192,201,1
14,12,32,43,1493,1,61,72,4,92,101,3,123,34,143,152,1,173,191,201,1
11,42,33,43,4370,2,61,74,3,93,101,2,122,26,141,152,2,173,192,201,2
11,18,32,46,750,1,61,71,4,92,101,1,121,27,143,152,1,171,191,201,2
12,15,32,45,1308,1,61,75,4,93,101,4,123,38,143,152,2,172,191,201,1
14,15,32,46,4623,2,62,73,3,93,101,2,122,40,143,152,1,174,192,201,2
14,24,34,43,1851,1,61,74,4,94,103,2,123,33,143,152,2,173,192,201,1
11,18,34,43,1880,1,61,74,4,94,101,1,122,32,143,152,2,174,192,201,1
14,36,33,49,7980,3,65,72,4,93,101,4,123,27,143,151,2,173,192,201,2
11,30,30,42,4583,2,61,73,2,91,103,2,121,32,143,152,2,173,191,201,1
14,12,32,40,1386,1,63,73,2,92,101,2,122,26,143,152,1,173,191,201,2
13,24,32,40,947,1,61,74,4,93,101,3,124,38,141,153,1,173,191,201,2
11,12,32,46,684,1,61,73,4,93,101,4,123,40,143,151,1,172,191,201,2
11,48,32,46,7476,3,61,74,4,93,101,1,124,50,143,153,1,174,192,201,1
12,12,32,42,1922,1,61,73,4,93,101,2,122,37,143,152,1,172,191,201,2
11,24,32,40,2303,1,61,75,4,93,102,1,121,45,143,152,1,173,191,201,2
12,36,33,40,8086,3,62,75,2,93,101,4,123,42,143,152,4,174,192,201,2
14,24,34,41,2346,1,61,74,4,93,101,3,123,35,143,152,2,173,192,201,1
11,14,32,40,3973,2,61,71,1,93,101,4,124,22,143,153,1,173,191,201,1
12,12,32,40,888,1,61,75,4,93,101,4,123,41,141,152,1,172,191,201,2
14,48,32,43,10222,3,65,74,4,93,101,3,123,37,142,152,1,173,192,201,1
12,30,30,49,4221,2,61,73,2,92,101,1,123,28,143,152,2,173,191,201,1
12,18,34,42,6361,2,61,75,2,93,101,1,124,41,143,152,1,173,192,201,1
13,12,32,43,1297,1,61,73,3,94,101,4,121,23,143,151,1,173,191,201,1
11,12,32,40,900,1,65,73,4,94,101,2,123,23,143,152,1,173,191,201,2
14,21,32,42,2241,1,61,75,4,93,101,2,121,50,143,152,2,173,191,201,1
12,6,33,42,1050,1,61,71,4,93,101,1,122,35,142,152,2,174,192,201,1
13,6,34,46,1047,1,61,73,2,92,101,4,122,50,143,152,1,172,191,201,1
14,24,34,410,6314,2,61,71,4,93,102,2,124,27,141,152,2,174,192,201,1
12,30,31,42,3496,1,64,73,4,93,101,2,123,34,142,152,1,173,192,201,1
14,48,31,49,3609,1,61,73,1,92,101,1,121,27,142,152,1,173,191,201,1
11,12,34,40,4843,2,61,75,3,93,102,4,122,43,143,151,2,173,192,201,2
13,30,34,43,3017,1,61,75,4,93,101,4,122,47,143,152,1,173,191,201,1
14,24,34,49,4139,2,62,73,3,93,101,3,122,27,143,152,2,172,192,201,1
14,36,32,49,5742,2,62,74,2,93,101,2,123,31,143,152,2,173,192,201,1
14,56.9,32,40,10366,3,61,75,2,93,101,4,122,42,143,152,1,174,192,201,1
14,6,34,40,2080,1,63,73,1,94,101,2,123,24,143,152,1,173,191,201,1
14,21,33,49,2580,1,63,72,4,93,101,2,121,41,141,152,1,172,191,201,2
14,30,34,43,4530,2,61,74,4,92,101,4,123,26,143,151,1,174,192,201,1
14,24,34,42,5150,2,61,75,4,93,101,4,123,33,143,152,1,173,192,201,1
12,56.9,32,43,5595,2,62,73,2,94,101,2,123,24,143,152,1,173,191,201,2
11,24,32,43,2384,1,61,75,4,93,101,4,121,64,141,151,1,172,191,201,1
14,18,32,43,1453,1,61,72,3,92,101,1,121,26,143,152,1,173,191,201,1
14,6,32,46,1538,1,61,72,1,92,101,2,124,56,143,152,1,173,191,201,1
14,12,32,43,2279,1,65,73,4,93,101,4,124,37,143,153,1,173,192,201,1
14,15,33,43,1478,1,61,73,4,94,101,3,121,33,141,152,2,173,191,201,1
14,24,34,43,5103,2,61,72,3,94,101,3,124,47,143,153,3,173,192,201,1
12,36,33,49,9857,3,62,74,1,93,101,3,122,31,143,152,2,172,192,201,1
14,56.9,32,40,6527,2,65,73,4,93,101,4,124,34,143,153,1,173,192,201,1
13,10,34,43,1347,1,65,74,4,93,101,2,122,27,143,152,2,173,192,201,1
12,36,33,40,2862,1,62,75,4,93,101,3,124,30,143,153,1,173,191,201,1
14,9,32,43,2753,1,62,75,3,93,102,4,123,35,143,152,1,173,192,201,1
11,12,32,40,3651,1,64,73,1,93,101,3,122,31,143,152,1,173,191,201,1
11,15,34,42,975,1,61,73,2,91,101,3,122,25,143,152,2,173,191,201,1
12,15,32,45,2631,1,62,73,3,92,101,2,121,25,143,152,1,172,191,201,1
12,24,32,43,2896,1,62,72,2,93,101,1,123,29,143,152,1,173,191,201,1
11,6,34,40,4716,2,65,72,1,93,101,3,121,44,143,152,2,172,191,201,1
14,24,32,43,2284,1,61,74,4,93,101,2,123,28,143,152,1,173,192,201,1
14,6,32,41,1236,1,63,73,2,93,101,4,122,50,143,151,1,173,191,201,1
12,12,32,43,1103,1,61,74,4,93,103,3,121,29,143,152,2,173,191,202,1
14,12,34,40,926,1,61,71,1,92,101,2,122,38,143,152,1,171,191,201,1
14,18,34,43,1800,1,61,73,4,93,101,2,123,24,143,152,2,173,191,201,1
13,15,32,46,1905,1,61,75,4,93,101,4,123,40,143,151,1,174,192,201,1
14,12,32,42,1123,1,63,73,4,92,101,4,123,29,143,151,1,172,191,201,2
11,48,34,41,6331,2,61,75,4,93,101,4,124,46,143,153,2,173,192,201,2
13,24,32,43,1377,1,62,75,4,92,101,2,124,47,143,153,1,173,192,201,1
12,30,33,49,2503,1,62,75,4,93,101,2,122,41,142,152,2,173,191,201,1
12,27,32,49,2528,1,61,72,4,92,101,1,122,32,143,152,1,173,192,201,1
14,15,32,40,5324,2,63,75,1,92,101,4,124,35,143,153,1,173,191,201,1
12,48,32,40,6560,2,62,74,3,93,101,2,122,24,143,152,1,173,191,201,2
12,12,30,42,2969,1,61,72,4,92,101,3,122,25,143,151,2,173,191,201,2
12,9,32,43,1206,1,61,75,4,92,101,4,121,25,143,152,1,173,191,201,1
12,9,32,43,2118,1,61,73,2,93,101,2,121,37,143,152,1,172,191,201,1
14,18,34,43,629,1,63,75,4,93,101,3,122,32,141,152,2,174,192,201,1
11,6,31,46,1198,1,61,75,4,92,101,4,124,35,143,153,1,173,191,201,2
14,21,32,41,2476,1,65,75,4,93,101,4,121,46,143,152,1,174,192,201,1
11,9,34,43,1138,1,61,73,4,93,101,4,121,25,143,152,2,172,191,201,1
12,56.9,32,40,14027,4,61,74,4,93,101,2,124,27,143,152,1,174,192,201,2
14,30,34,41,7596,3,65,75,1,93,101,4,123,63,143,152,2,173,191,201,1
14,30,34,43,3077,1,65,75,3,93,101,2,123,40,143,152,2,173,192,201,1
14,18,32,43,1505,1,61,73,4,93,101,2,124,32,143,153,1,174,192,201,1
13,24,34,43,3148,1,65,73,3,93,101,2,123,31,143,152,2,173,192,201,1
12,20,30,41,6148,2,62,75,3,94,101,4,123,31,141,152,2,173,192,201,1
13,9,30,43,1337,1,61,72,4,93,101,2,123,34,143,152,2,174,192,201,2
12,6,31,46,433,1,64,72,4,92,101,2,122,24,141,151,1,173,191,201,2
11,12,32,40,1228,1,61,73,4,92,101,2,121,24,143,152,1,172,191,201,2
12,9,32,43,790,1,63,73,4,92,101,3,121,66,143,152,1,172,191,201,1
14,27,32,40,2570,1,61,73,3,92,101,3,121,21,143,151,1,173,191,201,2
14,6,34,40,250,1,64,73,2,92,101,2,121,41,141,152,2,172,191,201,1
14,15,34,43,1316,1,63,73,2,94,101,2,122,47,143,152,2,172,191,201,1
11,18,32,43,1882,1,61,73,4,92,101,4,123,25,141,151,2,173,191,201,2
12,48,31,49,6416,2,61,75,4,92,101,3,124,59,143,151,1,173,191,201,2
13,24,34,49,1275,1,64,73,2,91,101,4,121,36,143,152,2,173,192,201,1
12,24,33,43,6403,2,61,72,1,93,101,2,123,33,143,152,1,173,191,201,1
11,24,32,43,1987,1,61,73,2,93,101,4,121,21,143,151,1,172,191,201,2
12,8,32,43,760,1,61,74,4,92,103,2,121,44,143,152,1,172,191,201,1
14,24,32,41,2603,1,64,73,2,92,101,4,123,28,143,151,1,173,192,201,1
14,4,34,40,3380,1,61,74,1,92,101,1,121,37,143,152,1,173,191,201,1
12,36,31,44,3990,2,65,72,3,92,101,2,124,29,141,152,1,171,191,201,1
12,24,32,41,11560,3,61,73,1,92,101,4,123,23,143,151,2,174,191,201,2
11,18,32,40,4380,2,62,73,3,93,101,4,123,35,143,152,1,172,192,201,1
14,6,34,40,6761,3,61,74,1,93,101,3,124,45,143,152,2,174,192,201,1
12,30,30,49,4280,2,62,73,4,92,101,4,123,26,143,151,2,172,191,201,2
11,24,31,40,2325,1,62,74,2,93,101,3,123,32,141,152,1,173,191,201,1
12,10,31,43,1048,1,61,73,4,93,101,4,121,23,142,152,1,172,191,201,1
14,21,32,43,3160,1,65,75,4,93,101,3,122,41,143,152,1,173,192,201,1
11,24,31,42,2483,1,63,73,4,93,101,4,121,22,142,152,1,173,192,201,1
11,39,34,42,14179,4,65,74,4,93,101,4,122,30,143,152,2,174,192,201,1
11,13,34,49,1797,1,61,72,3,93,101,1,122,28,141,152,2,172,191,201,1
11,15,32,40,2511,1,61,71,1,92,101,4,123,23,143,151,1,173,191,201,1
11,12,32,40,1274,1,61,72,3,92,101,1,121,37,143,152,1,172,191,201,2
14,21,32,41,5248,2,65,73,1,93,101,3,123,26,143,152,1,173,191,201,1
14,15,32,41,3029,1,61,74,2,93,101,2,123,33,143,152,1,173,191,201,1
11,6,32,42,428,1,61,75,2,92,101,1,122,49,141,152,1,173,192,201,1
11,18,32,40,976,1,61,72,1,92,101,2,123,23,143,152,1,172,191,201,2
12,12,32,49,841,1,62,74,2,92,101,4,121,23,143,151,1,172,191,201,1
14,30,34,43,5771,2,61,74,4,92,101,2,123,25,143,152,2,173,191,201,1
14,12,33,45,1555,1,64,75,4,93,101,4,124,55,143,153,2,173,191,201,2
11,24,32,40,1285,1,65,74,4,92,101,4,124,32,143,151,1,173,191,201,2
13,6,34,40,1299,1,61,73,1,93,101,1,121,74,143,152,3,171,191,202,1
13,15,34,43,1271,1,65,73,3,93,101,4,124,39,143,153,2,173,192,201,2
14,24,32,40,1393,1,61,73,2,93,103,2,121,31,143,152,1,173,192,201,1
11,12,34,40,691,1,61,75,4,93,101,3,122,35,143,152,2,173,191,201,2
14,15,34,40,5045,2,65,75,1,92,101,4,123,59,143,152,1,173,192,201,1
11,18,34,42,2124,1,61,73,4,92,101,4,121,24,143,151,2,173,191,201,2
11,12,32,43,2214,1,61,73,4,93,101,3,122,24,143,152,1,172,191,201,1
14,21,34,40,12680,4,65,75,4,93,101,4,124,30,143,153,1,174,192,201,2
14,24,34,40,2463,1,62,74,4,94,101,3,122,27,143,152,2,173,192,201,1
12,12,32,43,1155,1,61,75,3,94,103,3,121,40,141,152,2,172,191,201,1
11,30,32,42,3108,1,61,72,2,91,101,4,122,31,143,152,1,172,191,201,2
14,10,32,41,2901,1,65,72,1,92,101,4,121,31,143,151,1,173,191,201,1
12,12,34,42,3617,1,61,75,1,93,101,4,123,28,143,151,3,173,192,201,1
14,12,34,43,1655,1,61,75,2,93,101,4,121,63,143,152,2,172,192,201,1
11,24,32,41,2812,1,65,75,2,92,101,4,121,26,143,151,1,173,191,201,1
11,36,34,46,8065,3,61,73,3,92,101,2,124,25,143,152,2,174,192,201,2
14,21,34,41,3275,1,61,75,1,93,101,4,123,36,143,152,1,174,192,201,1
14,24,34,43,2223,1,62,75,4,93,101,4,122,52,141,152,2,173,191,201,1
13,12,34,40,1480,1,63,71,2,93,101,4,124,66,141,153,3,171,191,201,1
11,24,32,40,1371,1,65,73,4,92,101,4,121,25,143,151,1,173,191,201,2
14,36,34,40,3535,1,61,74,4,93,101,4,123,37,143,152,2,173,192,201,1
11,18,32,43,3509,1,61,74,4,92,103,1,121,25,143,152,1,173,191,201,1
14,36,34,41,5711,2,64,75,4,93,101,2,123,38,143,152,2,174,192,201,1
12,18,32,45,3872,1,61,71,2,92,101,4,123,67,143,152,1,173,192,201,1
12,39,34,43,4933,2,61,74,2,93,103,2,121,25,143,152,2,173,191,201,2
14,24,34,40,1940,1,64,75,4,93,101,4,121,60,143,152,1,173,192,201,1
12,12,30,48,1410,1,61,73,2,93,101,2,121,31,143,152,1,172,192,201,1
12,12,32,40,836,1,62,72,4,92,101,2,122,23,141,152,1,172,191,201,2
12,20,32,41,6468,2,65,71,1,91,101,4,121,60,143,152,1,174,192,201,1
12,18,32,49,1941,1,64,73,4,93,101,2,122,35,143,152,1,172,192,201,1
14,22,32,43,2675,1,63,75,3,93,101,4,123,40,143,152,1,173,191,201,1
14,48,34,41,2751,1,65,75,4,93,101,3,123,38,143,152,2,173,192,201,1
12,48,33,46,6224,2,61,75,4,93,101,4,124,50,143,153,1,173,191,201,2
11,40,34,46,5998,2,61,73,4,93,101,3,124,27,141,152,1,173,192,201,2
12,21,32,49,1188,1,61,75,2,92,101,4,122,39,143,152,1,173,191,201,2
14,24,32,41,6313,2,65,75,3,93,101,4,123,41,143,152,1,174,192,201,1
14,6,34,42,1221,1,65,73,1,94,101,2,122,27,143,152,2,173,191,201,1
13,24,32,42,2892,1,61,75,3,91,101,4,124,51,143,153,1,173,191,201,1
14,24,32,42,3062,1,63,75,4,93,101,3,124,32,143,151,1,173,192,201,1
14,9,32,42,2301,1,62,72,2,92,101,4,122,22,143,151,1,173,191,201,1
11,18,32,41,7511,3,65,75,1,93,101,4,122,51,143,153,1,173,192,201,2
14,12,34,42,1258,1,61,72,2,92,101,4,122,22,143,151,2,172,191,201,1
14,24,33,40,717,1,65,75,4,94,101,4,123,54,143,152,2,173,192,201,1
12,9,32,40,1549,1,65,72,4,93,101,2,121,35,143,152,1,171,191,201,1
14,24,34,46,1597,1,61,75,4,93,101,4,124,54,143,153,2,173,191,201,1
12,18,34,43,1795,1,61,75,3,92,103,4,121,48,141,151,2,172,192,201,1
11,20,34,42,4272,2,61,75,1,92,101,4,122,24,143,152,2,173,191,201,1
14,12,34,43,976,1,65,75,4,93,101,4,123,35,143,152,2,173,191,201,1
12,12,32,40,7472,3,65,71,1,92,101,2,121,24,143,151,1,171,191,201,1
11,36,32,40,9271,3,61,74,2,93,101,1,123,24,143,152,1,173,192,201,2
12,6,32,43,590,1,61,72,3,94,101,3,121,26,143,152,1,172,191,202,1
14,12,34,43,930,1,65,75,4,93,101,4,121,65,143,152,4,173,191,201,1
12,42,31,41,9283,3,61,71,1,93,101,2,124,55,141,153,1,174,192,201,1
12,15,30,40,1778,1,61,72,2,92,101,1,121,26,143,151,2,171,191,201,2
12,8,32,49,907,1,61,72,3,94,101,2,121,26,143,152,1,173,192,201,1
12,6,32,43,484,1,61,74,3,94,103,3,121,28,141,152,1,172,191,201,1
11,36,34,41,9629,3,61,74,4,93,101,4,123,24,143,152,2,173,192,201,2
11,48,32,44,3051,1,61,73,3,93,101,4,123,54,143,152,1,173,191,201,2
11,48,32,40,3931,2,61,74,4,93,101,4,124,46,143,153,1,173,191,201,2
12,36,33,40,7432,3,61,73,2,92,101,2,122,54,143,151,1,173,191,201,1
14,6,32,44,1338,1,63,73,1,91,101,4,121,62,143,152,1,173,191,201,1
14,6,34,43,1554,1,61,74,1,92,101,2,123,24,143,151,2,173,192,201,1
11,36,32,410,15857,4,61,71,2,91,102,3,123,43,143,152,1,174,191,201,1
11,18,32,43,1345,1,61,73,4,94,101,3,121,26,141,152,1,173,191,201,2
14,12,32,40,1101,1,61,73,3,94,101,2,121,27,143,152,2,173,192,201,1
13,12,32,43,3016,1,61,73,3,94,101,1,123,24,143,152,1,173,191,201,1
11,36,32,42,2712,1,61,75,2,93,101,2,122,41,141,152,1,173,191,201,2
11,8,34,40,731,1,61,75,4,93,101,4,121,47,143,152,2,172,191,201,1
14,18,34,42,3780,1,61,72,3,91,101,2,123,35,143,152,2,174,192,201,1
11,21,34,40,1602,1,61,75,4,94,101,3,123,30,143,152,2,173,192,201,1
11,18,34,40,3966,2,61,75,1,92,101,4,121,33,141,151,3,173,192,201,2
14,18,30,49,4165,2,61,73,2,93,101,2,123,36,142,152,2,173,191,201,2
11,36,32,41,8335,3,65,75,3,93,101,4,124,47,143,153,1,173,191,201,2
12,48,33,49,6681,3,65,73,4,93,101,4,124,38,143,153,1,173,192,201,1
14,24,33,49,2375,1,63,73,4,93,101,2,123,44,143,152,2,173,192,201,1
11,18,32,40,1216,1,61,72,4,92,101,3,123,23,143,151,1,173,192,201,2
11,45,30,49,11816,3,61,75,2,93,101,4,123,29,143,151,2,173,191,201,2
12,24,32,43,5084,2,65,75,2,92,101,4,123,42,143,152,1,173,192,201,1
13,15,32,43,2327,1,61,72,2,92,101,3,121,25,143,152,1,172,191,201,2
11,12,30,40,1082,1,61,73,4,93,101,4,123,48,141,152,2,173,191,201,2
14,12,32,43,886,1,65,73,4,92,101,2,123,21,143,152,1,173,191,201,1
14,4,32,42,601,1,61,72,1,92,101,3,121,23,143,151,1,172,191,201,1
11,24,34,41,2957,1,61,75,4,93,101,4,122,63,143,152,2,173,192,201,1
14,24,34,43,2611,1,61,75,4,94,102,3,121,46,143,152,2,173,191,201,1
11,36,32,42,5179,2,61,74,4,93,101,2,122,29,143,152,1,173,191,201,2
14,21,33,41,2993,1,61,73,3,93,101,2,121,28,142,152,2,172,191,201,1
14,18,32,45,1943,1,61,72,4,92,101,4,121,23,143,152,1,173,191,201,2
14,24,31,49,1559,1,61,74,4,93,101,4,123,50,141,152,1,173,192,201,1
14,18,32,42,3422,1,61,75,4,93,101,4,122,47,141,152,3,173,192,201,1
12,21,32,42,3976,2,65,74,2,93,101,3,123,35,143,152,1,173,192,201,1
14,18,32,40,6761,3,65,73,2,93,101,4,123,68,143,151,2,173,191,201,2
14,24,32,40,1249,1,61,72,4,94,101,2,121,28,143,152,1,173,191,201,1
11,9,32,43,1364,1,61,74,3,93,101,4,121,59,143,152,1,173,191,201,1
11,12,32,43,709,1,61,75,4,93,101,4,121,57,142,152,1,172,191,201,2
11,20,34,40,2235,1,61,73,4,94,103,2,122,33,141,151,2,173,191,202,2
14,24,34,41,4042,2,65,74,3,93,101,4,122,43,143,152,2,173,192,201,1
14,15,34,43,1471,1,61,73,4,93,101,4,124,35,143,153,2,173,192,201,1
11,18,31,40,1442,1,61,74,4,93,101,4,124,32,143,153,2,172,191,201,2
14,36,33,40,10875,3,61,75,2,93,101,2,123,45,143,152,2,173,192,201,1
14,24,32,40,1474,1,62,72,4,94,101,3,121,33,143,152,1,173,192,201,1
14,10,32,48,894,1,65,74,4,92,101,3,122,40,143,152,1,173,192,201,1
14,15,34,42,3343,1,61,73,4,93,101,2,124,28,143,153,1,173,192,201,1
11,15,32,40,3959,2,61,73,3,92,101,2,122,29,143,152,1,173,192,201,2
14,9,32,40,3577,1,62,73,1,93,103,2,121,26,143,151,1,173,191,202,1
14,24,34,41,5804,2,64,73,4,93,101,2,121,27,143,152,2,173,191,201,1
14,18,33,49,2169,1,61,73,4,94,101,2,123,28,143,152,1,173,192,201,2
11,24,32,43,2439,1,61,72,4,92,101,4,121,35,143,152,1,173,192,201,2
14,27,34,42,4526,2,64,72,4,93,101,2,121,32,142,152,2,172,192,201,1
14,10,32,42,2210,1,61,73,2,93,101,2,121,25,141,151,1,172,191,201,2
14,15,32,42,2221,1,63,73,2,92,101,4,123,20,143,151,1,173,191,201,1
11,18,32,43,2389,1,61,72,4,92,101,1,123,27,142,152,1,173,191,201,1
14,12,34,42,3331,1,61,75,2,93,101,4,122,42,142,152,1,173,191,201,1
14,36,32,49,7409,3,65,75,3,93,101,2,122,37,143,152,2,173,191,201,1
11,12,32,42,652,1,61,75,4,92,101,4,122,24,143,151,1,173,191,201,1
14,36,33,42,7678,3,63,74,2,92,101,4,123,40,143,152,2,173,192,201,1
13,6,34,40,1343,1,61,75,1,93,101,4,121,46,143,152,2,173,191,202,1
11,24,34,49,1382,1,62,74,4,93,101,1,121,26,143,152,2,173,192,201,1
14,15,32,44,874,1,65,72,4,92,101,1,121,24,143,152,1,173,191,201,1
11,12,32,42,3590,1,61,73,2,93,102,2,122,29,143,152,1,172,191,201,1
12,11,34,40,1322,1,64,73,4,92,101,4,123,40,143,152,2,173,191,201,1
11,18,31,43,1940,1,61,72,3,93,102,4,124,36,141,153,1,174,192,201,1
14,36,32,43,3595,1,61,75,4,93,101,2,123,28,143,152,1,173,191,201,1
11,9,32,40,1422,1,61,72,3,93,101,2,124,27,143,153,1,174,192,201,2
14,30,34,43,6742,3,65,74,2,93,101,3,122,36,143,152,2,173,191,201,1
14,24,32,41,7814,3,61,74,3,93,101,3,123,38,143,152,1,174,192,201,1
14,24,32,41,9277,3,65,73,2,91,101,4,124,48,143,153,1,173,192,201,1
12,30,34,40,2181,1,65,75,4,93,101,4,121,36,143,152,2,173,191,201,1
14,18,34,43,1098,1,61,71,4,92,101,4,123,65,143,152,2,171,191,201,1
12,24,32,42,4057,2,61,74,3,91,101,3,123,43,143,152,1,173,192,201,2
11,12,32,46,795,1,61,72,4,92,101,4,122,53,143,152,1,173,191,201,2
12,24,34,49,2825,1,65,74,4,93,101,3,124,34,143,152,2,173,192,201,1
12,48,32,49,15672,4,61,73,2,93,101,2,123,23,143,152,1,173,192,201,2
14,36,34,40,6614,3,61,75,4,93,101,4,123,34,143,152,2,174,192,201,1
14,28,31,41,7824,3,65,72,3,93,103,4,121,40,141,151,2,173,192,201,1
11,27,34,49,2442,1,61,75,4,93,101,4,123,43,142,152,4,174,192,201,1
14,15,34,43,1829,1,61,75,4,93,101,4,123,46,143,152,2,173,192,201,1
11,12,34,40,2171,1,61,73,4,93,101,4,122,38,141,152,2,172,191,202,1
12,36,34,41,5800,2,61,73,3,93,101,4,123,34,143,152,2,173,192,201,1
14,18,34,43,1169,1,65,73,4,93,101,3,122,29,143,152,2,173,192,201,1
14,36,33,41,8947,3,65,74,3,93,101,2,123,31,142,152,1,174,192,201,1
11,21,32,43,2606,1,61,72,4,92,101,4,122,28,143,151,1,174,192,201,1
14,12,34,42,1592,1,64,74,3,92,101,2,122,35,143,152,1,173,191,202,1
14,15,32,42,2186,1,65,74,1,92,101,4,121,33,141,151,1,172,191,201,1
11,18,32,42,4153,2,61,73,2,93,102,3,123,42,143,152,1,173,191,201,2
11,16,34,40,2625,1,61,75,2,93,103,4,122,43,141,151,1,173,192,201,2
14,20,34,40,3485,1,65,72,2,91,101,4,121,44,143,152,2,173,192,201,1
14,36,34,41,10477,3,65,75,2,93,101,4,124,42,143,153,2,173,191,201,1
14,15,32,43,1386,1,65,73,4,94,101,2,121,40,143,151,1,173,192,201,1
14,24,32,43,1278,1,61,75,4,93,101,1,121,36,143,152,1,174,192,201,1
11,12,32,43,1107,1,61,73,2,93,101,2,121,20,143,151,1,174,192,201,1
11,21,32,40,3763,1,65,74,2,93,102,2,121,24,143,152,1,172,191,202,1
12,36,32,46,3711,1,65,73,2,94,101,2,123,27,143,152,1,173,191,201,1
14,15,33,41,3594,1,61,72,1,92,101,2,122,46,143,152,2,172,191,201,1
12,9,32,40,3195,1,65,73,1,92,101,2,121,33,143,152,1,172,191,201,1
14,36,33,43,4454,2,61,73,4,92,101,4,121,34,143,152,2,173,191,201,1
12,24,34,42,4736,2,61,72,2,92,101,4,123,25,141,152,1,172,191,201,2
12,30,32,43,2991,1,65,75,2,92,101,4,123,25,143,152,1,173,191,201,1
14,11,32,49,2142,1,64,75,1,91,101,2,121,28,143,152,1,173,192,201,1
11,24,31,49,3161,1,61,73,4,93,101,2,122,31,143,151,1,173,192,201,2
12,48,30,410,18424,4,61,73,1,92,101,2,122,32,141,152,1,174,192,202,2
14,10,32,41,2848,1,62,73,1,93,102,2,121,32,143,152,1,173,191,201,1
11,6,32,40,14896,4,61,75,1,93,101,4,124,68,141,152,1,174,192,201,2
11,24,32,42,2359,1,62,71,1,91,101,1,122,33,143,152,1,173,191,201,2
11,24,32,42,3345,1,61,75,4,93,101,2,122,39,143,151,1,174,192,201,2
14,18,34,42,1817,1,61,73,4,92,101,2,124,28,143,152,2,173,191,201,1
14,48,33,43,12749,4,63,74,4,93,101,1,123,37,143,152,1,174,192,201,1
11,9,32,43,1366,1,61,72,3,92,101,4,122,22,143,151,1,173,191,201,2
12,12,32,40,2002,1,61,74,3,93,101,4,122,30,143,151,1,173,192,201,1
11,24,31,42,6872,3,61,72,2,91,101,1,122,55,141,152,1,173,192,201,2
11,12,31,40,697,1,61,72,4,93,101,2,123,46,141,152,2,173,192,201,2
11,18,34,42,1049,1,61,72,4,92,101,4,122,21,143,151,1,173,191,201,1
11,48,32,41,10297,3,61,74,4,93,101,4,124,39,142,153,3,173,192,201,2
14,30,32,43,1867,1,65,75,4,93,101,4,123,58,143,152,1,173,192,201,1
11,12,33,40,1344,1,61,73,4,93,101,2,121,43,143,152,2,172,191,201,1
11,24,32,42,1747,1,61,72,4,93,102,1,122,24,143,152,1,172,191,202,1
12,9,32,43,1670,1,61,72,4,92,101,2,123,22,143,152,1,173,192,201,2
14,9,34,40,1224,1,61,73,3,93,101,1,121,30,143,152,2,173,191,201,1
14,12,34,43,522,1,63,75,4,93,101,4,122,42,143,152,2,173,192,201,1
11,12,32,43,1498,1,61,73,4,92,101,1,123,23,141,152,1,173,191,201,1
12,30,33,43,1919,1,62,72,4,93,101,3,124,30,142,152,2,174,191,201,2
13,9,32,43,745,1,61,73,3,92,101,2,121,28,143,152,1,172,191,201,2
12,6,32,43,2063,1,61,72,4,94,101,3,123,30,143,151,1,174,192,201,1
12,56.9,32,46,6288,2,61,73,4,93,101,4,124,42,143,153,1,173,191,201,2
14,24,34,41,6842,3,65,73,2,93,101,4,122,46,143,152,2,174,192,201,1
14,12,32,40,3527,1,65,72,2,93,101,3,122,45,143,152,1,174,192,201,1
14,10,32,40,1546,1,61,73,3,93,101,2,121,31,143,152,1,172,191,202,1
14,24,32,42,929,1,65,74,4,93,101,2,123,31,142,152,1,173,192,201,1
14,4,34,40,1455,1,61,74,2,93,101,1,121,42,143,152,3,172,191,201,1
11,15,32,42,1845,1,61,72,4,92,103,1,122,46,143,151,1,173,191,201,1
12,48,30,40,8358,3,63,72,1,92,101,1,123,30,143,152,2,173,191,201,1
11,24,31,42,3349,1,63,72,4,93,101,4,124,30,143,153,1,173,192,201,2
14,12,32,40,2859,1,65,71,4,93,101,4,124,38,143,152,1,174,192,201,1
14,18,32,42,1533,1,61,72,4,94,102,1,122,43,143,152,1,172,191,201,2
14,24,32,43,3621,1,62,75,2,93,101,4,123,31,143,152,2,173,191,201,2
12,18,34,49,3590,1,61,71,3,94,101,3,123,40,143,152,3,171,192,201,1
11,36,33,49,2145,1,61,74,2,93,101,1,123,24,143,152,2,173,192,201,2
12,24,32,41,4113,2,63,72,3,92,101,4,123,28,143,151,1,173,191,201,2
14,36,32,42,10974,3,61,71,4,92,101,2,123,26,143,152,2,174,192,201,2
11,12,32,40,1893,1,61,73,4,92,103,4,122,29,143,152,1,173,192,201,1
11,24,34,43,1231,1,64,75,4,92,101,4,122,57,143,151,2,174,192,201,1
13,30,34,43,3656,1,65,75,4,93,101,4,122,49,142,152,2,172,191,201,1
12,9,34,43,1154,1,61,75,2,93,101,4,121,37,143,152,3,172,191,201,1
11,28,32,40,4006,2,61,73,3,93,101,2,123,45,143,152,1,172,191,201,2
12,24,32,42,3069,1,62,75,4,93,101,4,124,30,143,153,1,173,191,201,1
14,6,34,43,1740,1,61,75,2,94,101,2,121,30,143,151,2,173,191,201,1
12,21,33,40,2353,1,61,73,1,91,101,4,122,47,143,152,2,173,191,201,1
14,15,32,40,3556,1,65,73,3,93,101,2,124,29,143,152,1,173,191,201,1
14,24,32,43,2397,1,63,75,3,93,101,2,123,35,141,152,2,173,192,201,2
12,6,32,45,454,1,61,72,3,94,101,1,122,22,143,152,1,172,191,201,1
12,30,32,43,1715,1,65,73,4,92,101,1,123,26,143,152,1,173,191,201,1
12,27,34,43,2520,1,63,73,4,93,101,2,122,23,143,152,2,172,191,201,2
14,15,32,43,3568,1,61,75,4,92,101,2,123,54,141,151,1,174,192,201,1
14,42,32,43,7166,3,65,74,2,94,101,4,122,29,143,151,1,173,192,201,1
11,11,34,40,3939,2,61,73,1,93,101,2,121,40,143,152,2,172,191,201,1
12,15,32,45,1514,1,62,73,4,93,103,2,121,22,143,152,1,173,191,201,1
14,24,32,40,7393,3,61,73,1,93,101,4,122,43,143,152,1,172,191,201,1
11,24,31,40,1193,1,61,71,1,92,102,4,124,29,143,151,2,171,191,201,2
11,56.9,32,49,7297,3,61,75,4,93,102,4,124,36,143,151,1,173,191,201,2
14,30,34,43,2831,1,61,73,4,92,101,2,123,33,143,152,1,173,192,201,1
13,24,32,43,1258,1,63,73,3,92,101,3,123,57,143,152,1,172,191,201,1
12,6,32,43,753,1,61,73,2,92,103,3,121,64,143,152,1,173,191,201,1
12,18,33,49,2427,1,65,75,4,93,101,2,122,42,143,152,2,173,191,201,1
14,24,33,40,2538,1,61,75,4,93,101,4,123,47,143,152,2,172,191,201,2
12,15,31,40,1264,1,62,73,2,94,101,2,122,25,143,151,1,173,191,201,2
12,30,34,42,8386,3,61,74,2,93,101,2,122,49,143,152,1,173,191,201,2
14,48,32,49,4844,2,61,71,3,93,101,2,123,33,141,151,1,174,192,201,2
13,21,32,40,2923,1,62,73,1,92,101,1,123,28,141,152,1,174,192,201,1
11,36,32,41,8229,3,61,73,2,93,101,2,122,26,143,152,1,173,191,201,2
14,24,34,42,2028,1,61,74,2,93,101,2,122,30,143,152,2,172,191,201,1
11,15,34,42,1433,1,61,73,4,92,101,3,122,25,143,151,2,173,191,201,1
13,42,30,49,6289,2,61,72,2,91,101,1,122,33,143,152,2,173,191,201,1
14,13,32,43,1409,1,62,71,2,92,101,4,121,64,143,152,1,173,191,201,1
11,24,32,41,6579,2,61,71,4,93,101,2,124,29,143,153,1,174,192,201,1
12,24,34,43,1743,1,61,75,4,93,101,2,122,48,143,152,2,172,191,201,1
14,12,34,46,3565,1,65,72,2,93,101,1,122,37,143,152,2,172,191,201,1
14,15,31,43,1569,1,62,75,4,93,101,4,123,34,141,152,1,172,191,201,1
11,18,32,43,1936,1,65,74,2,94,101,4,123,23,143,151,2,172,191,201,1
11,36,32,42,3959,2,61,71,4,93,101,3,122,30,143,152,1,174,192,201,1
14,12,32,40,2390,1,65,75,4,93,101,3,123,50,143,152,1,173,192,201,1
14,12,32,42,1736,1,61,74,3,92,101,4,121,31,143,152,1,172,191,201,1
11,30,32,41,3857,1,61,73,4,91,101,4,122,40,143,152,1,174,192,201,1
14,12,32,43,804,1,61,75,4,93,101,4,123,38,143,152,1,173,191,201,1
11,45,32,43,1845,1,61,73,4,93,101,4,124,23,143,153,1,173,192,201,2
12,45,34,41,4576,2,62,71,3,93,101,4,123,27,143,152,1,173,191,201,1
